{"resourceType":"ImplementationGuide","id":"implementationguide-diagnosticreport-1","text":{"status":"extensions","div":"<div xmlns=\"http://www.w3.org/1999/xhtml\"><h2>DiagnosticReport</h2><p>The official URL for this implementation guide is: </p><pre>http://ns.electronichealth.net.au/ci/fhir/4.0/ImplementationGuide/implementationguide-diagnosticreport-1</pre><div><p>This implementation guide is an HL7™ FHIR® specification to represent a Diagnostic Report (DR).</p>\n<p>The primary aim of this implementation guide is to support implementing DR in FHIR, Release 4 (v4.0.1). The resulting FHIR can be used for the electronic exchange of DR information between healthcare providers.</p>\n<p>This implementation guide is not to be used as a guide to presentation (or rendering) of the data. It contains no information as to how the data described by it should be displayed and no such guidance should be inferred.</p>\n<p>This implementation guide does not describe transport or persistence mechanism of the resources described by it.</p>\n</div></div>"},"url":"http://ns.electronichealth.net.au/ci/fhir/4.0/ImplementationGuide/implementationguide-diagnosticreport-1","version":"1.0.0","name":"DiagnosticReport","title":"Diagnostic Report","status":"draft","experimental":true,"date":"2020-06-26T11:33:02+10:00","publisher":"Australian Digital Health Agency","contact":[{"telecom":[{"system":"email","value":"help@digitalhealth.gov.au"}]}],"description":"This implementation guide is an HL7™ FHIR® specification to represent a Diagnostic Report (DR).\n \nThe primary aim of this implementation guide is to support implementing DR in FHIR, Release 4 (v4.0.1). The resulting FHIR can be used for the electronic exchange of DR information between healthcare providers.\n \nThis implementation guide is not to be used as a guide to presentation (or rendering) of the data. It contains no information as to how the data described by it should be displayed and no such guidance should be inferred.\n \nThis implementation guide does not describe transport or persistence mechanism of the resources described by it.","copyright":"Copyright © 2020 Australian Digital Health Agency - All rights reserved. This content is licensed under a Creative Commons Attribution 4.0 International License. See https://creativecommons.org/licenses/by/4.0/.","packageId":"au.electronichealth.diagnosticreport","license":"Apache-2.0","fhirVersion":["4.0.1"],"dependsOn":[{"id":"aubaser4","uri":"http://hl7.org.au/fhir/base","packageId":"hl7.fhir.au.base","version":"current"}],"definition":{"resource":[{"extension":[{"url":"http://hl7.org/fhir/StructureDefinition/implementationguide-page","valueUri":"StructureDefinition-organization-ident-1.html"}],"reference":{"reference":"StructureDefinition/organization-ident-1"},"name":"Organization with Mandatory Identifier","exampleBoolean":false},{"extension":[{"url":"http://hl7.org/fhir/StructureDefinition/implementationguide-page","valueUri":"StructureDefinition-practitionerrole-ident-1.html"}],"reference":{"reference":"StructureDefinition/practitionerrole-ident-1"},"name":"PractitionerRole with Mandatory Identifier","exampleBoolean":false},{"extension":[{"url":"http://hl7.org/fhir/StructureDefinition/implementationguide-page","valueUri":"StructureDefinition-patient-mhr-1.html"}],"reference":{"reference":"StructureDefinition/patient-mhr-1"},"name":"patient-mhr-1","exampleBoolean":false},{"extension":[{"url":"http://hl7.org/fhir/StructureDefinition/implementationguide-page","valueUri":"StructureDefinition-patient-ident-1.html"}],"reference":{"reference":"StructureDefinition/patient-ident-1"},"name":"Patient with Mandatory Identifier","exampleBoolean":false},{"extension":[{"url":"http://hl7.org/fhir/StructureDefinition/implementationguide-page","valueUri":"StructureDefinition-servicerequest-path-report-1.html"}],"reference":{"reference":"StructureDefinition/servicerequest-path-report-1"},"name":"servicerequest-path-report-1","exampleBoolean":false},{"extension":[{"url":"http://hl7.org/fhir/StructureDefinition/implementationguide-page","valueUri":"StructureDefinition-diagnosticreport-imag-atomic-1.html"}],"reference":{"reference":"StructureDefinition/diagnosticreport-imag-atomic-1"},"name":"diagnosticreport-imag-atomic-1","exampleBoolean":false},{"extension":[{"url":"http://hl7.org/fhir/StructureDefinition/implementationguide-page","valueUri":"StructureDefinition-diagnosticreport-imag-mhr-1.html"}],"reference":{"reference":"StructureDefinition/diagnosticreport-imag-mhr-1"},"name":"diagnosticreport-imag-mhr-1","exampleBoolean":false},{"extension":[{"url":"http://hl7.org/fhir/StructureDefinition/implementationguide-page","valueUri":"StructureDefinition-diagnosticreport-path-atomic-1.html"}],"reference":{"reference":"StructureDefinition/diagnosticreport-path-atomic-1"},"name":"diagnosticreport-path-atomic-1","exampleBoolean":false},{"extension":[{"url":"http://hl7.org/fhir/StructureDefinition/implementationguide-page","valueUri":"StructureDefinition-diagnosticreport-path-mhr-1.html"}],"reference":{"reference":"StructureDefinition/diagnosticreport-path-mhr-1"},"name":"diagnosticreport-path-mhr-1","exampleBoolean":false},{"extension":[{"url":"http://hl7.org/fhir/StructureDefinition/implementationguide-page","valueUri":"StructureDefinition-diagnosticreport-otherdiag-mhr-1.html"}],"reference":{"reference":"StructureDefinition/diagnosticreport-otherdiag-mhr-1"},"name":"diagnosticreport-otherdiag-mhr-1","exampleBoolean":false},{"extension":[{"url":"http://hl7.org/fhir/StructureDefinition/implementationguide-page","valueUri":"StructureDefinition-diagnosticreport-otherdiag-atomic-1.html"}],"reference":{"reference":"StructureDefinition/diagnosticreport-otherdiag-atomic-1"},"name":"diagnosticreport-otherdiag-atomic-1","exampleBoolean":false},{"extension":[{"url":"http://hl7.org/fhir/StructureDefinition/implementationguide-page","valueUri":"StructureDefinition-organization-dh-base-1.html"}],"reference":{"reference":"StructureDefinition/organization-dh-base-1"},"name":"Base Organization","exampleBoolean":false},{"extension":[{"url":"http://hl7.org/fhir/StructureDefinition/implementationguide-page","valueUri":"StructureDefinition-observation-path-simple-1.html"}],"reference":{"reference":"StructureDefinition/observation-path-simple-1"},"name":"Simple Pathology Observation","exampleBoolean":false},{"extension":[{"url":"http://hl7.org/fhir/StructureDefinition/implementationguide-page","valueUri":"StructureDefinition-composition-pathreport-1.html"}],"reference":{"reference":"StructureDefinition/composition-pathreport-1"},"name":"Pathology Report","exampleBoolean":false},{"extension":[{"url":"http://hl7.org/fhir/StructureDefinition/implementationguide-page","valueUri":"StructureDefinition-specimen-collect-1.html"}],"reference":{"reference":"StructureDefinition/specimen-collect-1"},"name":"Collected Specimen","exampleBoolean":false},{"extension":[{"url":"http://hl7.org/fhir/StructureDefinition/implementationguide-page","valueUri":"StructureDefinition-observation-path-atomic-1.html"}],"reference":{"reference":"StructureDefinition/observation-path-atomic-1"},"name":"Atomic Pathology Observation","exampleBoolean":false},{"extension":[{"url":"http://hl7.org/fhir/StructureDefinition/implementationguide-page","valueUri":"StructureDefinition-observation-otherdiag-simple-1.html"}],"reference":{"reference":"StructureDefinition/observation-otherdiag-simple-1"},"name":"Simple Other Diagnostic Observation","exampleBoolean":false},{"extension":[{"url":"http://hl7.org/fhir/StructureDefinition/implementationguide-page","valueUri":"StructureDefinition-observation-otherdiag-atomic-1.html"}],"reference":{"reference":"StructureDefinition/observation-otherdiag-atomic-1"},"name":"Atomic Other Diagnostic Observation","exampleBoolean":false},{"extension":[{"url":"http://hl7.org/fhir/StructureDefinition/implementationguide-page","valueUri":"StructureDefinition-observation-imag-atomic-1.html"}],"reference":{"reference":"StructureDefinition/observation-imag-atomic-1"},"name":"Atomic Imaging Observation"},{"extension":[{"url":"http://hl7.org/fhir/StructureDefinition/implementationguide-page","valueUri":"StructureDefinition-composition-otherdiagreport-1.html"}],"reference":{"reference":"StructureDefinition/composition-otherdiagreport-1"},"name":"Other Diagnostic Report","exampleBoolean":false},{"extension":[{"url":"http://hl7.org/fhir/StructureDefinition/implementationguide-page","valueUri":"StructureDefinition-servicerequest-otherdiag-report-1.html"}],"reference":{"reference":"StructureDefinition/servicerequest-otherdiag-report-1"},"name":"Order Details for Other Diagnostic Report","exampleBoolean":false},{"extension":[{"url":"http://hl7.org/fhir/StructureDefinition/implementationguide-page","valueUri":"StructureDefinition-composition-imagreport-1.html"}],"reference":{"reference":"StructureDefinition/composition-imagreport-1"},"name":"Diagnostic Imaging Report","exampleBoolean":false},{"extension":[{"url":"http://hl7.org/fhir/StructureDefinition/implementationguide-page","valueUri":"StructureDefinition-observation-imag-simple-1.html"}],"reference":{"reference":"StructureDefinition/observation-imag-simple-1"},"name":"Simple Imaging Observation","exampleBoolean":false},{"extension":[{"url":"http://hl7.org/fhir/StructureDefinition/implementationguide-page","valueUri":"StructureDefinition-servicerequest-imag-report-1.html"}],"reference":{"reference":"StructureDefinition/servicerequest-imag-report-1"},"name":"Order Details for Diagnostic Imaging Report","exampleBoolean":false},{"extension":[{"url":"http://hl7.org/fhir/StructureDefinition/implementationguide-page","valueUri":"StructureDefinition-bodystructure-dh-base-1.html"}],"reference":{"reference":"StructureDefinition/bodystructure-dh-base-1"},"name":"Base BodyStructure","exampleBoolean":false},{"extension":[{"url":"http://hl7.org/fhir/StructureDefinition/implementationguide-page","valueUri":"StructureDefinition-imagingstudy-diag-1.html"}],"reference":{"reference":"StructureDefinition/imagingstudy-diag-1"},"name":"ImagingStudy (Diagnostic Imaging Study)","exampleBoolean":false},{"extension":[{"url":"http://hl7.org/fhir/StructureDefinition/implementationguide-page","valueUri":"StructureDefinition-practitioner-dh-base-1.html"}],"reference":{"reference":"StructureDefinition/practitioner-dh-base-1"},"name":"Base Practitioner","exampleBoolean":false},{"extension":[{"url":"http://hl7.org/fhir/StructureDefinition/implementationguide-page","valueUri":"Bundle-559b66ea-abbf-45fb-8627-554817830095.html"}],"reference":{"reference":"Bundle/559b66ea-abbf-45fb-8627-554817830095"},"name":"2019 Novel Coronavirus PCR (short form)","exampleBoolean":true}],"page":{"nameUrl":"index.html","title":"TBD","generation":"html"}}}