<?xml version="1.0" encoding="UTF-8"?>

<Bundle xmlns="http://hl7.org/fhir">
  <id value="559b66ea-abbf-45fb-8627-554817830095"/>
  <meta>
    <lastUpdated value="2020-03-17T11:46:00+11:00"/>
  </meta>
  <type value="collection"/>
  <entry>
    <fullUrl value="urn:uuid:59033ee7-1950-4a04-abb3-6a232d5f62fd"/>
    <resource>
      <DiagnosticReport>
        <id value="59033ee7-1950-4a04-abb3-6a232d5f62fd"/>
        <meta>
          <profile value="http://ns.electronichealth.net.au/ci/fhir/StructureDefinition/diagnosticreport-path-mhr-1"/>
        </meta>
        <language value="en-AU"/>
        <text>
          <status value="generated"/><div xmlns="http://www.w3.org/1999/xhtml" lang="en-AU">
                        <table style="border-collapse:collapse;border-spacing:0;width:100%;background-color:#000000">
                            <tr>
                                <th colspan="9" style="padding-top: 40px;                                     vertical-align: top;                                     text-align: center;                                     margin 0px;                                     font-size: 20px;                                     font-family: Helvetica;                                     color: #FFFFFF;                                     font-weight: bold;                                     word-wrap: break-word;">Pathology Report</th>
                            </tr>
                            <tr>
                                <td colspan="9" style="vertical-align: top;                                     text-align: center;                                     margin 0px;                                     font-size: 15px;                                     font-family: Helvetica;                                     color: #FFFFFF;                                     font-weight: bold;">17 Mar 2020 11:45</td>
                            </tr>
                            <tr>
                                <td style="display: inline;                                      margin-right: 20px;                                      font-size: 13px;                                     color: #FFFFFF;">Ms Sally <span class="bold">FIELD</span></td>
                                <td style="display: inline;                                     font-size: 11px;                                     color: #FFFFFF;">DoB</td>
                                <td style="margin-left: 0px;                                     display: inline;                                     font-size: 11px;                                     margin-right: 30px;                                     color: #FFFFFF;">14 Feb 1984</td>
                                <td style="display: inline;                                     font-size: 11px;                                     color: #FFFFFF;">GENDER</td>
                                <td style="margin-left: 0px;                                     display: inline;                                     font-size: 11px;                                     margin-right: 30px;                                     color: #FFFFFF;">Female</td>
                                <td style="display: inline;                                     font-size: 11px;                                     color: #FFFFFF;">IHI</td>
                                <td style="margin-left: 0px;                                     display: inline;                                     font-size: 11px;                                     margin-right: 30px;                                     color: #FFFFFF;">8003 6080 0022 8437</td>
                                <td style="display: inline;                                     font-size: 11px;                                     color: #FFFFFF;">INDIGENOUS STATUS</td>
                                <td style="margin-left: 0px;                                     display: inline;                                     font-size: 11px;                                     margin-right: 30px;                                     color: #FFFFFF;                                     word-wrap: break-word;">Neither Aboriginal nor Torres Strait Islander origin</td>
                            </tr>
                        </table>
                        <table style="width:100%">
                            <tbody>
                                <tr>
                                    <td style="width:50%">
                                        <table>
                                            <thead>
                                                <tr>
                                                  <th colspan="1" style="padding-top: 15px;                                                         vertical-align: top;                                                         text-align: center;                                                         margin 0px;                                                         font-family: Helvetica;                                                         font-size:14px;                                                         font-weight: bold;                                                         text-decoration: underline;                                                         text-align: left;                                                         word-wrap: break-word;">Requester</th>
                                                </tr>
                                            </thead>
                                            <tbody>
                                                <tr>
                                                  <td>Dr Greg Algregster (General Practitioner)
                                                  (Employee ID: AMC-GA-001)</td>
                                                </tr>
                                                <tr>
                                                  <td>Algregster Medical Center QLD</td>
                                                </tr>
                                            </tbody>
                                        </table>
                                        <table>
                                            <thead>
                                                <tr>
                                                  <th colspan="2" style="padding-top: 15px;                                                         vertical-align: top;                                                         text-align: center;                                                         margin 0px;                                                         font-family: Helvetica;                                                         font-size:14px;                                                         font-weight: bold;                                                         text-decoration: underline;                                                         text-align: left;                                                         word-wrap: break-word;">Request Details</th>
                                                </tr>
                                            </thead>
                                            <tbody>
                                                <tr>
                                                  <td style="font-weight: bold;">Request ID:</td>
                                                  <td>SR-34L6-804</td>
                                                </tr>
                                                <tr>
                                                  <td style="font-weight: bold;">Request
                                                  Date/Time:</td>
                                                  <td>16 Mar 2020 8:54</td>
                                                </tr>
                                                <tr>
                                                  <td style="font-weight: bold;">Requested
                                                  Test:</td>
                                                  <td>2019-Novel Coronavirus PCR</td>
                                                </tr>
                                            </tbody>
                                        </table>
                                    </td>
                                    <td>
                                        <table>
                                            <thead>
                                                <tr>
                                                  <th colspan="2" style="padding-top: 15px;                                                         vertical-align: top;                                                         text-align: center;                                                         margin 0px;                                                         font-family: Helvetica;                                                         font-size:14px;                                                         font-weight: bold;                                                         text-decoration: underline;                                                         text-align: left;                                                         word-wrap: break-word;">Author</th>
                                                </tr>
                                            </thead>
                                            <tbody>
                                                <tr>
                                                  <td>Dr Adam Meyer (Microbiologist) (HPI-I:
                                                  8003619900041630)</td>
                                                </tr>
                                                <tr>
                                                  <td>75 Hampden St, DOOMBEN, QLD, 4007</td>
                                                </tr>
                                                <tr>
                                                  <td>(07) 7010 3453</td>
                                                </tr>
                                                <tr>
                                                  <td/>
                                                </tr>
                                                <tr>
                                                  <td>Doomben Pathology QLD (HPI-O:
                                                  8003623233366565) (NATA: 100101)</td>
                                                </tr>
                                                <tr>
                                                  <td>75 Hampden St, DOOMBEN, QLD, 4007</td>
                                                </tr>
                                                <tr>
                                                  <td>(07) 5550 3427
                                                  info@doombenpathlabs.example.com</td>
                                                </tr>
                                            </tbody>
                                        </table>
                                    </td>
                                </tr>
                                <tr>
                                    <td>
                                        <table>
                                            <thead>
                                                <tr>
                                                  <th colspan="2" style="padding-top: 15px;                                                         vertical-align: top;                                                         text-align: center;                                                         margin 0px;                                                         font-family: Helvetica;                                                         font-size:14px;                                                         font-weight: bold;                                                         text-decoration: underline;                                                         text-align: left;                                                         word-wrap: break-word;">Report Details</th>
                                                </tr>
                                            </thead>
                                            <tbody>
                                                <tr>
                                                  <td style="font-weight: bold;">Report
                                                  Date/Time:</td>
                                                  <td>17 Mar 2020 11:45</td>
                                                </tr>
                                                <tr>
                                                  <td style="font-weight: bold;">Report Name:</td>
                                                  <td>2019-Novel Coronavirus PCR</td>
                                                </tr>
                                                <tr>
                                                  <td style="font-weight: bold;">Report ID:</td>
                                                  <td>DOO3Q978</td>
                                                </tr>
                                                <tr>
                                                  <td style="font-weight: bold;">Report Status:</td>
                                                  <td>Final</td>
                                                </tr>
                                                <tr>
                                                  <td style="font-weight: bold;">Diagnostice
                                                  Service(s):</td>
                                                  <td>Microbiology</td>
                                                </tr>
                                            </tbody>
                                        </table>
                                    </td>
                                </tr>
                            </tbody>
                        </table>
                        <h1 style=" width: 100%;                             font-size: 17px;                             font-weight: bold;                             color: #000000;                             margin-bottom: 5px;                             margin-top: 0px;                             border-bottom: 1px SOLID #000000;;                             padding: 0px;                             word-wrap: break-word;">Test Results</h1>
                        <table style="border-collapse:collapse;border-spacing:0;width:100%;">
                            <thead>
                                <tr>
                                    <th>
                                        <tr>
                                            <th style="padding-top: 15px;                                             vertical-align: top;                                             text-align: center;                                             margin 0px;                                             font-family: Helvetica;                                             font-weight: bold;                                             text-decoration: underline;                                             text-align: left;                                             word-wrap: break-word;">Test Name</th>
                                            <th style="padding-top: 15px;                                                 vertical-align: top;                                                 text-align: center;                                                 margin 0px;                                                 font-family: Helvetica;                                                 font-weight: bold;                                                 text-decoration: underline;                                                 text-align: left;                                                 word-wrap: break-word;">Diagnostic Service</th>
                                            <th style="padding-top: 15px;                                             vertical-align: top;                                             text-align: center;                                             margin 0px;                                             font-family: Helvetica;                                             font-weight: bold;                                             text-decoration: underline;                                             text-align: left;                                             word-wrap: break-word;">Sample Collected Date/Time</th>
                                            <th style="padding-top: 15px;                                                 vertical-align: top;                                                 text-align: center;                                                 margin 0px;                                                 font-family: Helvetica;                                                 font-weight: bold;                                                 text-decoration: underline;                                                 text-align: left;                                                 word-wrap: break-word;">Status</th>
                                        </tr>
                                    </th>
                                </tr>
                            </thead>
                            <tbody>
                                <tbody>
                                    <tr>
                                        <td>2019-Novel Coronavirus PCR</td>
                                        <td>Microbiology</td>
                                        <td>16 Mar 2020 10:40:00</td>
                                        <td>Final</td>
                                    </tr>
                                </tbody>
                            </tbody>
                        </table>
                        <p>
                            <a href="https://github.com/AuDigitalHealth/ci-fhir-r4/tree/master/examples/2019-Novel_Coronavirus_PCR.pdf">Link to PDF document</a>
                        </p>
                    </div>
        </text>
        <identifier>
          <type>
            <coding>
              <system value="http://terminology.hl7.org/CodeSystem/v2-0203"/>
              <code value="FILL"/>
              <display value="Filler Identifier"/>
            </coding>
          </type>
          <system value="http://ns.electronichealth.net.au/id/hpio-scoped/report/1.0/8003623233366565"/>
          <value value="DOO3Q978"/>
        </identifier>
        <basedOn>
          <reference value="urn:uuid:f606666a-23bf-4947-87ba-688824c12c08"/>
        </basedOn>
        <status value="final"/>
        <category>
          <coding>
            <system value="http://terminology.hl7.org/CodeSystem/v2-0074"/>
            <code value="LAB"/>
          </coding>
        </category>
        <category>
          <coding>
            <system value="http://terminology.hl7.org/CodeSystem/v2-0074"/>
            <code value="MB"/>
          </coding>
        </category>
        <code>
          <coding>
            <system value="http://snomed.info/sct"/>
            <code value="1445431000168101"/>
            <display value="COVID-19 nucleic acid assay"/>
          </coding>
          <text value="2019-Novel Coronavirus PCR"/>
        </code>
        <subject>
          <reference value="urn:uuid:7e5a8c0a-4e93-4bbb-a369-22572c8a0c3c"/>
        </subject>
        <effectiveDateTime value="2020-03-16T10:40:00+11:00"/>
        <issued value="2020-03-17T11:45:00+11:00"/>
        <performer>
          <reference value="urn:uuid:a971cabe-bab5-4e12-b6cb-39f526d17093"/>
        </performer>
        <result>
          <reference value="urn:uuid:21b82b5b-9acc-49c8-8634-2fdb7b18b283"/>
        </result>
        <presentedForm>
          <contentType value="application/pdf"/>
        <!--  Placeholder url value: Absolute URL to GitHub repository for attachment is provided as a workaround for demonstration purposes only   -->
          <url value="https://github.com/AuDigitalHealth/ci-fhir-r4/tree/master/examples/2019-Novel_Coronavirus_PCR.pdf"/>
          <hash value="9F692CB7D03EE6FE8E0500740446262F55FBADBC"/>
          <title value="2019-Novel Coronavirus PCR Report"/>
        </presentedForm>
      </DiagnosticReport>
    </resource>
  </entry>
  <entry>
    <fullUrl value="urn:uuid:21b82b5b-9acc-49c8-8634-2fdb7b18b283"/>
    <resource>
      <Observation>
        <id value="21b82b5b-9acc-49c8-8634-2fdb7b18b283"/>
        <text>
          <status value="generated"/><div xmlns="http://www.w3.org/1999/xhtml"><p><b>Generated Narrative</b></p><p></p><p><b>category</b>: <span title="Codes: {http://terminology.hl7.org/CodeSystem/observation-category laboratory}">Laboratory</span>, <span title="Codes: {http://terminology.hl7.org/CodeSystem/v2-0074 MB}">Microbiology</span></p><p><b>code</b>: <span title="Codes: {http://snomed.info/sct 1445431000168101}">2019-Novel Coronavirus PCR</span></p><p><b>subject</b>: <a href="#Patient_7e5a8c0a-4e93-4bbb-a369-22572c8a0c3c">See above (Patient/7e5a8c0a-4e93-4bbb-a369-22572c8a0c3c)</a></p><p><b>effective</b>: 16 Mar 2020, 9:40:00 am</p></div>
        </text>
        <status value="final"/>
        <category>
          <coding>
            <system value="http://terminology.hl7.org/CodeSystem/observation-category"/>
            <code value="laboratory"/>
          </coding>
        </category>
        <category>
          <coding>
            <system value="http://terminology.hl7.org/CodeSystem/v2-0074"/>
            <code value="MB"/>
          </coding>
        </category>
        <code>
          <coding>
            <system value="http://snomed.info/sct"/>
            <code value="1445431000168101"/>
            <display value="COVID-19 nucleic acid assay"/>
          </coding>
          <text value="2019-Novel Coronavirus PCR"/>
        </code>
        <subject>
          <reference value="urn:uuid:7e5a8c0a-4e93-4bbb-a369-22572c8a0c3c"/>
        </subject>
        <effectiveDateTime value="2020-03-16T10:40:00+11:00"/>
      </Observation>
    </resource>
  </entry>
  <entry>
    <fullUrl value="urn:uuid:f606666a-23bf-4947-87ba-688824c12c08"/>
    <resource>
      <ServiceRequest>
        <id value="f606666a-23bf-4947-87ba-688824c12c08"/>
        <text>
          <status value="generated"/><div xmlns="http://www.w3.org/1999/xhtml"><p><b>Generated Narrative</b></p><p><b>identifier</b>: Placer Identifier: SR-34L6-804</p><p><b>status</b>: completed</p><p><b>intent</b>: order</p><p><b>category</b>: <span title="Codes: {http://snomed.info/sct 108252007}">Laboratory procedure</span></p><p><b>code</b>: <span title="Codes: {http://snomed.info/sct 1445431000168101}">2019-Novel Coronavirus PCR</span></p><p><b>subject</b>: <a href="#Patient_7e5a8c0a-4e93-4bbb-a369-22572c8a0c3c">See above (Patient/7e5a8c0a-4e93-4bbb-a369-22572c8a0c3c)</a></p><p><b>authoredOn</b>: 16 Mar 2020, 7:54:00 am</p><p><b>requester</b>: <a href="#PractitionerRole_f1d5844f-dd39-457d-867b-f50a00f91731">See above (PractitionerRole/f1d5844f-dd39-457d-867b-f50a00f91731)</a></p></div>
        </text>
        <identifier>
          <type>
            <coding>
              <system value="http://terminology.hl7.org/CodeSystem/v2-0203"/>
              <code value="PLAC"/>
              <display value="Placer Identifier"/>
            </coding>
          </type>
          <system value="http://ns.electronichealth.net.au/id/hpio-scoped/order/1.0/8003621566699776"/>
          <value value="SR-34L6-804"/>
        </identifier>
        <status value="completed"/>
        <intent value="order"/>
        <category>
          <coding>
            <system value="http://snomed.info/sct"/>
            <code value="108252007"/>
            <display value="Laboratory procedure"/>
          </coding>
        </category>
        <code>
          <coding>
            <system value="http://snomed.info/sct"/>
            <code value="1445431000168101"/>
            <display value="COVID-19 nucleic acid assay"/>
          </coding>
          <text value="2019-Novel Coronavirus PCR"/>
        </code>
        <subject>
          <reference value="urn:uuid:7e5a8c0a-4e93-4bbb-a369-22572c8a0c3c"/>
        </subject>
        <authoredOn value="2020-03-16T08:54:00+11:00"/>
        <requester>
          <reference value="urn:uuid:f1d5844f-dd39-457d-867b-f50a00f91731"/>
        </requester>
      </ServiceRequest>
    </resource>
  </entry>
  <entry>
    <fullUrl value="urn:uuid:7e5a8c0a-4e93-4bbb-a369-22572c8a0c3c"/>
    <resource>
      <Patient>
        <id value="7e5a8c0a-4e93-4bbb-a369-22572c8a0c3c"/>
        <text>
          <status value="extensions"/><div xmlns="http://www.w3.org/1999/xhtml"><p><b>Generated Narrative</b></p><p><b>Australian Indigeneous Status</b>: <span title="{https://healthterminologies.gov.au/fhir/CodeSystem/australian-indigenous-status-1 4}">Neither Aboriginal nor Torres Strait Islander origin</span></p><p><b>identifier</b>: National unique individual identifier: 8003608333563104 (OFFICIAL)</p><p><b>name</b>: Sally FIELD </p><p><b>gender</b>: female</p><p><b>birthDate</b>: 1984-02-14</p></div>
        </text>
        <extension url="http://hl7.org.au/fhir/StructureDefinition/indigenous-status">
          <valueCoding>
            <system value="https://healthterminologies.gov.au/fhir/CodeSystem/australian-indigenous-status-1"/>
            <code value="4"/>
            <display value="Neither Aboriginal nor Torres Strait Islander origin"/>
          </valueCoding>
        </extension>
        <identifier>
          <use value="official"/>
          <type>
            <coding>
              <system value="http://terminology.hl7.org/CodeSystem/v2-0203"/>
              <code value="NI"/>
              <display value="National unique individual identifier"/>
            </coding>
          </type>
          <system value="http://ns.electronichealth.net.au/id/hi/ihi/1.0"/>
          <value value="8003608333563104"/>
        </identifier>
        <name>
          <use value="usual"/>
          <family value="FIELD"/>
          <given value="Sally"/>
          <prefix value="Ms"/>
        </name>
        <gender value="female"/>
        <birthDate value="1984-02-14"/>
      </Patient>
    </resource>
  </entry>
  <entry>
    <fullUrl value="urn:uuid:a971cabe-bab5-4e12-b6cb-39f526d17093"/>
    <resource>
      <PractitionerRole>
        <id value="a971cabe-bab5-4e12-b6cb-39f526d17093"/>
        <text>
          <status value="generated"/><div xmlns="http://www.w3.org/1999/xhtml"><p><b>Generated Narrative</b></p><p><b>identifier</b>: HPI-I: 8003619900041630</p><p><b>practitioner</b>: <a href="#Practitioner_21bf7f1d-f171-45ff-9f6d-3481f48ad468">See above (Practitioner/21bf7f1d-f171-45ff-9f6d-3481f48ad468)</a></p><p><b>organization</b>: <a href="#Organization_e0c5fa86-2184-4a5b-8c47-041422643440">See above (Organization/e0c5fa86-2184-4a5b-8c47-041422643440)</a></p><p><b>code</b>: <span title="Codes: {http://snomed.info/sct 159138004}">Microbiologist</span></p></div>
        </text>
        <identifier>
          <type>
            <coding>
              <system value="http://terminology.hl7.org/CodeSystem/v2-0203"/>
              <code value="NPI"/>
              <display value="National provider identifier"/>
            </coding>
            <text value="HPI-I"/>
          </type>
          <system value="http://ns.electronichealth.net.au/id/hi/hpii/1.0"/>
          <value value="8003619900041630"/>
        </identifier>
        <practitioner>
          <reference value="urn:uuid:21bf7f1d-f171-45ff-9f6d-3481f48ad468"/>
        </practitioner>
        <organization>
          <reference value="urn:uuid:e0c5fa86-2184-4a5b-8c47-041422643440"/>
        </organization>
        <code>
          <coding>
            <system value="http://snomed.info/sct"/>
            <code value="159138004"/>
          </coding>
          <text value="Microbiologist"/>
        </code>
      </PractitionerRole>
    </resource>
  </entry>
  <entry>
    <fullUrl value="urn:uuid:21bf7f1d-f171-45ff-9f6d-3481f48ad468"/>
    <resource>
      <Practitioner>
        <id value="21bf7f1d-f171-45ff-9f6d-3481f48ad468"/>
        <text>
          <status value="generated"/><div xmlns="http://www.w3.org/1999/xhtml"><p><b>Generated Narrative</b></p><p><b>name</b>: Adam Meyer </p><p><b>telecom</b>: ph: (07) 7010 3453(WORK)</p><p><b>address</b>: 75 Hampden St DOOMBEN QLD 4007 AU (WORK)</p></div>
        </text>
        <name>
          <use value="usual"/>
          <family value="Meyer"/>
          <given value="Adam"/>
          <prefix value="Dr."/>
        </name>
        <telecom>
          <system value="phone"/>
          <value value="(07) 7010 3453"/>
          <use value="work"/>
        </telecom>
        <address>
          <use value="work"/>
          <line value="75 Hampden St"/>
          <city value="DOOMBEN"/>
          <state value="QLD"/>
          <postalCode value="4007"/>
          <country value="AU"/>
        </address>
      </Practitioner>
    </resource>
  </entry>
  <entry>
    <fullUrl value="urn:uuid:e0c5fa86-2184-4a5b-8c47-041422643440"/>
    <resource>
      <Organization>
        <id value="e0c5fa86-2184-4a5b-8c47-041422643440"/>
        <text>
          <status value="generated"/><div xmlns="http://www.w3.org/1999/xhtml"><p><b>Generated Narrative</b></p><p><b>identifier</b>: HPI-O: 8003623233366565, NATA Accreditation Number: 100101</p><p><b>type</b>: <span title="Codes: {http://www.abs.gov.au/ausstats/abs@.nsf/mf/1292.0 8520}">Pathology Laboratory</span></p><p><b>name</b>: Doomben Pathology QLD</p><p><b>telecom</b>: <a href="mailto:info@doombenpathlabs.example.com">info@doombenpathlabs.example.com</a>, ph: (07) 5550 3427(WORK)</p><p><b>address</b>: 75 Hampden St DOOMBEN QLD 4007 AU (WORK)</p></div>
        </text>
        <identifier>
          <type>
            <coding>
              <system value="http://terminology.hl7.org.au/CodeSystem/v2-0203"/>
              <code value="NOI"/>
            </coding>
            <text value="HPI-O"/>
          </type>
          <system value="http://ns.electronichealth.net.au/id/hi/hpio/1.0"/>
          <value value="8003623233366565"/>
        </identifier>
        <identifier>
          <type>
            <text value="NATA Accreditation Number"/>
          </type>
          <system value="http://hl7.org.au/id/nata-accreditation"/>
        <!-- In Australia NATA numbers are an
        incremental number that have been incremented to 5 digits, this example uses a fictional
        NATA number from 100,000 + to ensure no conflict with real world values -->
          <value value="100101"/>
        </identifier>
        <type>
          <coding>
            <system value="http://www.abs.gov.au/ausstats/abs@.nsf/mf/1292.0"/>
            <code value="8520"/>
            <display value="Pathology and Diagnostic Imaging Services"/>
          </coding>
          <text value="Pathology Laboratory"/>
        </type>
        <name value="Doomben Pathology QLD"/>
        <telecom>
          <system value="email"/>
          <value value="info@doombenpathlabs.example.com"/>
          <use value="work"/>
        </telecom>
        <telecom>
          <system value="phone"/>
          <value value="(07) 5550 3427"/>
          <use value="work"/>
        </telecom>
        <address>
          <use value="work"/>
          <type value="physical"/>
          <line value="75 Hampden St"/>
          <city value="DOOMBEN"/>
          <state value="QLD"/>
          <postalCode value="4007"/>
          <country value="AU"/>
        </address>
      </Organization>
    </resource>
  </entry>
  <entry>
    <fullUrl value="urn:uuid:f1d5844f-dd39-457d-867b-f50a00f91731"/>
    <resource>
      <PractitionerRole>
        <id value="f1d5844f-dd39-457d-867b-f50a00f91731"/>
        <text>
          <status value="generated"/><div xmlns="http://www.w3.org/1999/xhtml"><p><b>Generated Narrative</b></p><p><b>identifier</b>: Employee Number: AMC-GA-001</p><p><b>practitioner</b>: <span>Dr Greg Algregster</span></p><p><b>organization</b>: <span>Algregster Medical Center QLD</span></p><p><b>code</b>: <span title="Codes: {http://snomed.info/sct 62247001}">General Practitioner</span></p></div>
        </text>
        <identifier>
          <type>
            <coding>
              <system value="http://terminology.hl7.org/CodeSystem/v2-0203"/>
              <code value="EI"/>
              <display value="Employee number"/>
            </coding>
            <text value="Employee Number"/>
          </type>
          <system value="http://ns.electronichealth.net.au/id/hpio-scoped/service-provider-individual/1.0/8003621566699776"/>
          <value value="AMC-GA-001"/>
          <assigner>
            <display value="Algregster Medical Center QLD"/>
          </assigner>
        </identifier>
        <practitioner>
          <display value="Dr Greg Algregster"/>
        </practitioner>
        <organization>
          <display value="Algregster Medical Center QLD"/>
        </organization>
        <code>
          <coding>
            <system value="http://snomed.info/sct"/>
            <code value="62247001"/>
          </coding>
          <text value="General Practitioner"/>
        </code>
      </PractitionerRole>
    </resource>
  </entry>
</Bundle>