<?xml version="1.0" encoding="UTF-8"?>

<ImagingStudy xmlns="http://hl7.org/fhir">
  <id value="echodicom-for-report"/>
  <text>
    <status value="generated"/><div xmlns="http://www.w3.org/1999/xhtml"><p><b>Generated Narrative</b></p><p><b>id</b>: echodicom-for-report</p><p><b>identifier</b>: urn:oid:1.2.36.1.2001.1001.105.100007.30246.19789.3503430046</p><p><b>status</b>: available</p><p><b>modality</b>: <span title="{http://dicom.nema.org/resources/ontology/DCM US}">Ultrasound</span></p><p><b>subject</b>: <a href="Patient-995138d0-b8bc-4bd9-b49d-d2d025d39ae7.html">Generated Summary: id: 995138d0-b8bc-4bd9-b49d-d2d025d39ae7; IHI = 8003608000228437, Medicare Number = 29533070311, Medical Record Number = 2338172; Wei Zhang ; gender: male; birthDate: 1969-05-03</a></p><p><b>started</b>: 06/01/2019 9:45:00 AM</p><p><b>basedOn</b>: <a href="ServiceRequest-edbc04cd-3387-435c-bda7-6e1a837b2590.html">Generated Summary: id: edbc04cd-3387-435c-bda7-6e1a837b2590; status: completed; intent: order; <span title="Codes: {http://snomed.info/sct 276341003}">Cardiovascular investigation</span>; <span title="Codes: {http://snomed.info/sct 40701008}">Echocardiography</span>; authoredOn: 05/01/2019 12:00:00 AM; <span title="Codes: ">Pre-chemotherapy</span></a></p><p><b>endpoint</b>: <a href="Endpoint-nsw-hospital-wadors.html">Generated Summary: id: nsw-hospital-wadors; status: active; <span title="{http://terminology.hl7.org/CodeSystem/endpoint-connection-type dicom-wado-rs}">DICOM WADO-RS</span>; name: NSW Hospital DICOM WADO-RS endpoint; <span title="Codes: ">DICOM WADO-RS</span>; payloadMimeType: application/dicom; address: http://www.health.nsw.example.org/nsw-hospital/wado-rs</a></p><p><b>procedureCode</b>: <span title="Codes: {http://loinc.org 42148-7}, {http://www.radlex.org RPID5656}, {http://snomed.info/sct 40701008}">US Heart</span></p><p><b>reasonCode</b>: <span title="Codes: ">Pre-chemotherapy</span></p></div>
  </text>
  <identifier>
    <system value="urn:dicom:uid"/>
    <value value="urn:oid:1.2.36.1.2001.1001.105.100007.30246.19789.3503430046"/>
  </identifier>
  <status value="available"/>
  <modality>
    <system value="http://dicom.nema.org/resources/ontology/DCM"/>
    <code value="US"/>
    <display value="Ultrasound"/>
  </modality>
  <subject>
    <reference value="Patient/995138d0-b8bc-4bd9-b49d-d2d025d39ae7"/>
  </subject>
  <started value="2019-01-06T09:45:00+10:00"/>
  <basedOn>
    <reference value="ServiceRequest/edbc04cd-3387-435c-bda7-6e1a837b2590"/>
  </basedOn>
  <endpoint>
    <reference value="Endpoint/nsw-hospital-wadors"/>
  </endpoint>
  <procedureCode>
    <coding>
      <system value="http://loinc.org"/>
      <code value="42148-7"/>
      <display value="US Heart"/>
    </coding>
    <coding>
      <system value="http://www.radlex.org"/>
      <code value="RPID5656"/>
      <display value="US Heart"/>
    </coding>
    <coding>
      <system value="http://snomed.info/sct"/>
      <code value="40701008"/>
      <display value="Echocardiography"/>
    </coding>
  </procedureCode>
  <reasonCode>
    <text value="Pre-chemotherapy"/>
  </reasonCode>
</ImagingStudy>