<?xml version="1.0" encoding="UTF-8"?>

<ImplementationGuide xmlns="http://hl7.org/fhir">
  <id value="implementationguide-diagnosticreport-1"/>
  <text>
    <status value="extensions"/><div xmlns="http://www.w3.org/1999/xhtml"><h2>DiagnosticReport</h2><p>The official URL for this implementation guide is: </p><pre>http://ns.electronichealth.net.au/ci/fhir/4.0/ImplementationGuide/implementationguide-diagnosticreport-1</pre><div><p>This implementation guide is an HL7™ FHIR® specification to represent a Diagnostic Report (DR).</p>
<p>The primary aim of this implementation guide is to support implementing DR in FHIR, Release 4 (v4.0.1). The resulting FHIR can be used for the electronic exchange of DR information between healthcare providers.</p>
<p>This implementation guide is not to be used as a guide to presentation (or rendering) of the data. It contains no information as to how the data described by it should be displayed and no such guidance should be inferred.</p>
<p>This implementation guide does not describe transport or persistence mechanism of the resources described by it.</p>
</div></div>
  </text>
  <url value="http://ns.electronichealth.net.au/ci/fhir/4.0/ImplementationGuide/implementationguide-diagnosticreport-1"/>
  <version value="1.0.0"/>
  <name value="DiagnosticReport"/>
  <title value="Diagnostic Report"/>
  <status value="draft"/>
  <experimental value="true"/>
  <date value="2020-06-29T16:05:34+10:00"/>
  <publisher value="Australian Digital Health Agency"/>
  <contact>
    <telecom>
      <system value="email"/>
      <value value="help@digitalhealth.gov.au"/>
    </telecom>
  </contact>
  <description value="This implementation guide is an HL7&#x2122; FHIR&#xAE; specification to represent a Diagnostic Report (DR).&#xA; &#xA;The primary aim of this implementation guide is to support implementing DR in FHIR, Release 4 (v4.0.1). The resulting FHIR can be used for the electronic exchange of DR information between healthcare providers.&#xA; &#xA;This implementation guide is not to be used as a guide to presentation (or rendering) of the data. It contains no information as to how the data described by it should be displayed and no such guidance should be inferred.&#xA; &#xA;This implementation guide does not describe transport or persistence mechanism of the resources described by it."/>
  <copyright value="Copyright &#xA9; 2020 Australian Digital Health Agency - All rights reserved. This content is licensed under a Creative Commons Attribution 4.0 International License. See https://creativecommons.org/licenses/by/4.0/."/>
  <packageId value="au.electronichealth.diagnosticreport"/>
  <license value="Apache-2.0"/>
  <fhirVersion value="4.0.1"/>
  <dependsOn id="aubaser4">
    <uri value="http://hl7.org.au/fhir/base"/>
    <packageId value="hl7.fhir.au.base"/>
    <version value="current"/>
  </dependsOn>
  <definition>
    <resource>
      <extension url="http://hl7.org/fhir/tools/StructureDefinition/resource-information">
        <valueString value="StructureDefinition:resource"/>
      </extension>
      <extension url="http://hl7.org/fhir/StructureDefinition/implementationguide-page">
        <valueUri value="StructureDefinition-organization-ident-1.html"/>
      </extension>
      <reference>
        <reference value="StructureDefinition/organization-ident-1"/>
      </reference>
      <name value="Organization with Mandatory Identifier"/>
      <exampleBoolean value="false"/>
    </resource>
    <resource>
      <extension url="http://hl7.org/fhir/tools/StructureDefinition/resource-information">
        <valueString value="StructureDefinition:resource"/>
      </extension>
      <extension url="http://hl7.org/fhir/StructureDefinition/implementationguide-page">
        <valueUri value="StructureDefinition-practitionerrole-ident-1.html"/>
      </extension>
      <reference>
        <reference value="StructureDefinition/practitionerrole-ident-1"/>
      </reference>
      <name value="PractitionerRole with Mandatory Identifier"/>
      <exampleBoolean value="false"/>
    </resource>
    <resource>
      <extension url="http://hl7.org/fhir/tools/StructureDefinition/resource-information">
        <valueString value="StructureDefinition:resource"/>
      </extension>
      <extension url="http://hl7.org/fhir/StructureDefinition/implementationguide-page">
        <valueUri value="StructureDefinition-patient-mhr-1.html"/>
      </extension>
      <reference>
        <reference value="StructureDefinition/patient-mhr-1"/>
      </reference>
      <name value="patient-mhr-1"/>
      <exampleBoolean value="false"/>
    </resource>
    <resource>
      <extension url="http://hl7.org/fhir/tools/StructureDefinition/resource-information">
        <valueString value="StructureDefinition:resource"/>
      </extension>
      <extension url="http://hl7.org/fhir/StructureDefinition/implementationguide-page">
        <valueUri value="StructureDefinition-patient-ident-1.html"/>
      </extension>
      <reference>
        <reference value="StructureDefinition/patient-ident-1"/>
      </reference>
      <name value="Patient with Mandatory Identifier"/>
      <exampleBoolean value="false"/>
    </resource>
    <resource>
      <extension url="http://hl7.org/fhir/tools/StructureDefinition/resource-information">
        <valueString value="StructureDefinition:resource"/>
      </extension>
      <extension url="http://hl7.org/fhir/StructureDefinition/implementationguide-page">
        <valueUri value="StructureDefinition-servicerequest-path-report-1.html"/>
      </extension>
      <reference>
        <reference value="StructureDefinition/servicerequest-path-report-1"/>
      </reference>
      <name value="servicerequest-path-report-1"/>
      <exampleBoolean value="false"/>
    </resource>
    <resource>
      <extension url="http://hl7.org/fhir/tools/StructureDefinition/resource-information">
        <valueString value="StructureDefinition:resource"/>
      </extension>
      <extension url="http://hl7.org/fhir/StructureDefinition/implementationguide-page">
        <valueUri value="StructureDefinition-diagnosticreport-imag-atomic-1.html"/>
      </extension>
      <reference>
        <reference value="StructureDefinition/diagnosticreport-imag-atomic-1"/>
      </reference>
      <name value="diagnosticreport-imag-atomic-1"/>
      <exampleBoolean value="false"/>
    </resource>
    <resource>
      <extension url="http://hl7.org/fhir/tools/StructureDefinition/resource-information">
        <valueString value="StructureDefinition:resource"/>
      </extension>
      <extension url="http://hl7.org/fhir/StructureDefinition/implementationguide-page">
        <valueUri value="StructureDefinition-diagnosticreport-imag-mhr-1.html"/>
      </extension>
      <reference>
        <reference value="StructureDefinition/diagnosticreport-imag-mhr-1"/>
      </reference>
      <name value="diagnosticreport-imag-mhr-1"/>
      <exampleBoolean value="false"/>
    </resource>
    <resource>
      <extension url="http://hl7.org/fhir/tools/StructureDefinition/resource-information">
        <valueString value="StructureDefinition:resource"/>
      </extension>
      <extension url="http://hl7.org/fhir/StructureDefinition/implementationguide-page">
        <valueUri value="StructureDefinition-diagnosticreport-path-atomic-1.html"/>
      </extension>
      <reference>
        <reference value="StructureDefinition/diagnosticreport-path-atomic-1"/>
      </reference>
      <name value="diagnosticreport-path-atomic-1"/>
      <exampleBoolean value="false"/>
    </resource>
    <resource>
      <extension url="http://hl7.org/fhir/tools/StructureDefinition/resource-information">
        <valueString value="StructureDefinition:resource"/>
      </extension>
      <extension url="http://hl7.org/fhir/StructureDefinition/implementationguide-page">
        <valueUri value="StructureDefinition-diagnosticreport-path-mhr-1.html"/>
      </extension>
      <reference>
        <reference value="StructureDefinition/diagnosticreport-path-mhr-1"/>
      </reference>
      <name value="diagnosticreport-path-mhr-1"/>
      <exampleBoolean value="false"/>
    </resource>
    <resource>
      <extension url="http://hl7.org/fhir/tools/StructureDefinition/resource-information">
        <valueString value="StructureDefinition:resource"/>
      </extension>
      <extension url="http://hl7.org/fhir/StructureDefinition/implementationguide-page">
        <valueUri value="StructureDefinition-diagnosticreport-otherdiag-mhr-1.html"/>
      </extension>
      <reference>
        <reference value="StructureDefinition/diagnosticreport-otherdiag-mhr-1"/>
      </reference>
      <name value="diagnosticreport-otherdiag-mhr-1"/>
      <exampleBoolean value="false"/>
    </resource>
    <resource>
      <extension url="http://hl7.org/fhir/tools/StructureDefinition/resource-information">
        <valueString value="StructureDefinition:resource"/>
      </extension>
      <extension url="http://hl7.org/fhir/StructureDefinition/implementationguide-page">
        <valueUri value="StructureDefinition-diagnosticreport-otherdiag-atomic-1.html"/>
      </extension>
      <reference>
        <reference value="StructureDefinition/diagnosticreport-otherdiag-atomic-1"/>
      </reference>
      <name value="diagnosticreport-otherdiag-atomic-1"/>
      <exampleBoolean value="false"/>
    </resource>
    <resource>
      <extension url="http://hl7.org/fhir/tools/StructureDefinition/resource-information">
        <valueString value="StructureDefinition:resource"/>
      </extension>
      <extension url="http://hl7.org/fhir/StructureDefinition/implementationguide-page">
        <valueUri value="StructureDefinition-organization-dh-base-1.html"/>
      </extension>
      <reference>
        <reference value="StructureDefinition/organization-dh-base-1"/>
      </reference>
      <name value="Base Organization"/>
      <exampleBoolean value="false"/>
    </resource>
    <resource>
      <extension url="http://hl7.org/fhir/tools/StructureDefinition/resource-information">
        <valueString value="StructureDefinition:resource"/>
      </extension>
      <extension url="http://hl7.org/fhir/StructureDefinition/implementationguide-page">
        <valueUri value="StructureDefinition-observation-path-simple-1.html"/>
      </extension>
      <reference>
        <reference value="StructureDefinition/observation-path-simple-1"/>
      </reference>
      <name value="Simple Pathology Observation"/>
      <exampleBoolean value="false"/>
    </resource>
    <resource>
      <extension url="http://hl7.org/fhir/tools/StructureDefinition/resource-information">
        <valueString value="StructureDefinition:resource"/>
      </extension>
      <extension url="http://hl7.org/fhir/StructureDefinition/implementationguide-page">
        <valueUri value="StructureDefinition-composition-pathreport-1.html"/>
      </extension>
      <reference>
        <reference value="StructureDefinition/composition-pathreport-1"/>
      </reference>
      <name value="Pathology Report"/>
      <exampleBoolean value="false"/>
    </resource>
    <resource>
      <extension url="http://hl7.org/fhir/tools/StructureDefinition/resource-information">
        <valueString value="StructureDefinition:resource"/>
      </extension>
      <extension url="http://hl7.org/fhir/StructureDefinition/implementationguide-page">
        <valueUri value="StructureDefinition-specimen-collect-1.html"/>
      </extension>
      <reference>
        <reference value="StructureDefinition/specimen-collect-1"/>
      </reference>
      <name value="Collected Specimen"/>
      <exampleBoolean value="false"/>
    </resource>
    <resource>
      <extension url="http://hl7.org/fhir/tools/StructureDefinition/resource-information">
        <valueString value="StructureDefinition:resource"/>
      </extension>
      <extension url="http://hl7.org/fhir/StructureDefinition/implementationguide-page">
        <valueUri value="StructureDefinition-observation-path-atomic-1.html"/>
      </extension>
      <reference>
        <reference value="StructureDefinition/observation-path-atomic-1"/>
      </reference>
      <name value="Atomic Pathology Observation"/>
      <exampleBoolean value="false"/>
    </resource>
    <resource>
      <extension url="http://hl7.org/fhir/tools/StructureDefinition/resource-information">
        <valueString value="StructureDefinition:resource"/>
      </extension>
      <extension url="http://hl7.org/fhir/StructureDefinition/implementationguide-page">
        <valueUri value="StructureDefinition-observation-otherdiag-simple-1.html"/>
      </extension>
      <reference>
        <reference value="StructureDefinition/observation-otherdiag-simple-1"/>
      </reference>
      <name value="Simple Other Diagnostic Observation"/>
      <exampleBoolean value="false"/>
    </resource>
    <resource>
      <extension url="http://hl7.org/fhir/tools/StructureDefinition/resource-information">
        <valueString value="StructureDefinition:resource"/>
      </extension>
      <extension url="http://hl7.org/fhir/StructureDefinition/implementationguide-page">
        <valueUri value="StructureDefinition-observation-otherdiag-atomic-1.html"/>
      </extension>
      <reference>
        <reference value="StructureDefinition/observation-otherdiag-atomic-1"/>
      </reference>
      <name value="Atomic Other Diagnostic Observation"/>
      <exampleBoolean value="false"/>
    </resource>
    <resource>
      <extension url="http://hl7.org/fhir/tools/StructureDefinition/resource-information">
        <valueString value="StructureDefinition:resource"/>
      </extension>
      <extension url="http://hl7.org/fhir/StructureDefinition/implementationguide-page">
        <valueUri value="StructureDefinition-observation-imag-atomic-1.html"/>
      </extension>
      <reference>
        <reference value="StructureDefinition/observation-imag-atomic-1"/>
      </reference>
      <name value="Atomic Imaging Observation"/>
    </resource>
    <resource>
      <extension url="http://hl7.org/fhir/tools/StructureDefinition/resource-information">
        <valueString value="StructureDefinition:resource"/>
      </extension>
      <extension url="http://hl7.org/fhir/StructureDefinition/implementationguide-page">
        <valueUri value="StructureDefinition-composition-otherdiagreport-1.html"/>
      </extension>
      <reference>
        <reference value="StructureDefinition/composition-otherdiagreport-1"/>
      </reference>
      <name value="Other Diagnostic Report"/>
      <exampleBoolean value="false"/>
    </resource>
    <resource>
      <extension url="http://hl7.org/fhir/tools/StructureDefinition/resource-information">
        <valueString value="StructureDefinition:resource"/>
      </extension>
      <extension url="http://hl7.org/fhir/StructureDefinition/implementationguide-page">
        <valueUri value="StructureDefinition-servicerequest-otherdiag-report-1.html"/>
      </extension>
      <reference>
        <reference value="StructureDefinition/servicerequest-otherdiag-report-1"/>
      </reference>
      <name value="Order Details for Other Diagnostic Report"/>
      <exampleBoolean value="false"/>
    </resource>
    <resource>
      <extension url="http://hl7.org/fhir/tools/StructureDefinition/resource-information">
        <valueString value="StructureDefinition:resource"/>
      </extension>
      <extension url="http://hl7.org/fhir/StructureDefinition/implementationguide-page">
        <valueUri value="StructureDefinition-composition-imagreport-1.html"/>
      </extension>
      <reference>
        <reference value="StructureDefinition/composition-imagreport-1"/>
      </reference>
      <name value="Diagnostic Imaging Report"/>
      <exampleBoolean value="false"/>
    </resource>
    <resource>
      <extension url="http://hl7.org/fhir/tools/StructureDefinition/resource-information">
        <valueString value="StructureDefinition:resource"/>
      </extension>
      <extension url="http://hl7.org/fhir/StructureDefinition/implementationguide-page">
        <valueUri value="StructureDefinition-observation-imag-simple-1.html"/>
      </extension>
      <reference>
        <reference value="StructureDefinition/observation-imag-simple-1"/>
      </reference>
      <name value="Simple Imaging Observation"/>
      <exampleBoolean value="false"/>
    </resource>
    <resource>
      <extension url="http://hl7.org/fhir/tools/StructureDefinition/resource-information">
        <valueString value="StructureDefinition:resource"/>
      </extension>
      <extension url="http://hl7.org/fhir/StructureDefinition/implementationguide-page">
        <valueUri value="StructureDefinition-servicerequest-imag-report-1.html"/>
      </extension>
      <reference>
        <reference value="StructureDefinition/servicerequest-imag-report-1"/>
      </reference>
      <name value="Order Details for Diagnostic Imaging Report"/>
      <exampleBoolean value="false"/>
    </resource>
    <resource>
      <extension url="http://hl7.org/fhir/tools/StructureDefinition/resource-information">
        <valueString value="StructureDefinition:resource"/>
      </extension>
      <extension url="http://hl7.org/fhir/StructureDefinition/implementationguide-page">
        <valueUri value="StructureDefinition-bodystructure-dh-base-1.html"/>
      </extension>
      <reference>
        <reference value="StructureDefinition/bodystructure-dh-base-1"/>
      </reference>
      <name value="Base BodyStructure"/>
      <exampleBoolean value="false"/>
    </resource>
    <resource>
      <extension url="http://hl7.org/fhir/tools/StructureDefinition/resource-information">
        <valueString value="StructureDefinition:resource"/>
      </extension>
      <extension url="http://hl7.org/fhir/StructureDefinition/implementationguide-page">
        <valueUri value="StructureDefinition-imagingstudy-diag-1.html"/>
      </extension>
      <reference>
        <reference value="StructureDefinition/imagingstudy-diag-1"/>
      </reference>
      <name value="ImagingStudy (Diagnostic Imaging Study)"/>
      <exampleBoolean value="false"/>
    </resource>
    <resource>
      <extension url="http://hl7.org/fhir/tools/StructureDefinition/resource-information">
        <valueString value="StructureDefinition:resource"/>
      </extension>
      <extension url="http://hl7.org/fhir/StructureDefinition/implementationguide-page">
        <valueUri value="StructureDefinition-practitionerrole-dh-base-1.html"/>
      </extension>
      <reference>
        <reference value="StructureDefinition/practitionerrole-dh-base-1"/>
      </reference>
      <name value="Base PractitionerRole"/>
      <exampleBoolean value="false"/>
    </resource>
    <resource>
      <extension url="http://hl7.org/fhir/tools/StructureDefinition/resource-information">
        <valueString value="StructureDefinition:resource"/>
      </extension>
      <extension url="http://hl7.org/fhir/StructureDefinition/implementationguide-page">
        <valueUri value="StructureDefinition-practitioner-dh-base-1.html"/>
      </extension>
      <reference>
        <reference value="StructureDefinition/practitioner-dh-base-1"/>
      </reference>
      <name value="Base Practitioner"/>
      <exampleBoolean value="false"/>
    </resource>
    <resource>
      <extension url="http://hl7.org/fhir/tools/StructureDefinition/resource-information">
        <valueString value="Bundle"/>
      </extension>
      <extension url="http://hl7.org/fhir/StructureDefinition/implementationguide-page">
        <valueUri value="Bundle-559b66ea-abbf-45fb-8627-554817830095.html"/>
      </extension>
      <reference>
        <reference value="Bundle/559b66ea-abbf-45fb-8627-554817830095"/>
      </reference>
      <name value="2019 Novel Coronavirus PCR (MHR)(Bundle)"/>
      <exampleCanonical value="http://ns.electronichealth.net.au/ci/fhir/StructureDefinition/diagnosticreport-path-mhr-1"/>
    </resource>
    <resource>
      <extension url="http://hl7.org/fhir/tools/StructureDefinition/resource-information">
        <valueString value="Bundle"/>
      </extension>
      <extension url="http://hl7.org/fhir/StructureDefinition/implementationguide-page">
        <valueUri value="Bundle-b317aa04-131c-49d1-b9bc-48ff94876834.html"/>
      </extension>
      <reference>
        <reference value="Bundle/b317aa04-131c-49d1-b9bc-48ff94876834"/>
      </reference>
      <name value="2019-Novel Coronavirus PCR (P2P)(Bundle)"/>
      <exampleCanonical value="http://ns.electronichealth.net.au/ci/fhir/StructureDefinition/diagnosticreport-path-atomic-1"/>
    </resource>
    <resource>
      <extension url="http://hl7.org/fhir/tools/StructureDefinition/resource-information">
        <valueString value="Bundle"/>
      </extension>
      <extension url="http://hl7.org/fhir/StructureDefinition/implementationguide-page">
        <valueUri value="Bundle-b49df1b2-b717-4d81-a140-7f16a334999b.html"/>
      </extension>
      <reference>
        <reference value="Bundle/b49df1b2-b717-4d81-a140-7f16a334999b"/>
      </reference>
      <name value="FBC 2016-07-13 (MHR)(Bundle)"/>
      <exampleCanonical value="http://ns.electronichealth.net.au/ci/fhir/4.0/StructureDefinition/composition-pathreport-1"/>
    </resource>
    <resource>
      <extension url="http://hl7.org/fhir/tools/StructureDefinition/resource-information">
        <valueString value="DiagnosticReport"/>
      </extension>
      <extension url="http://hl7.org/fhir/StructureDefinition/implementationguide-page">
        <valueUri value="DiagnosticReport-fbc.html"/>
      </extension>
      <reference>
        <reference value="DiagnosticReport/fbc"/>
      </reference>
      <name value="FBC 2016-07-13 (Atomic)(referenced)"/>
      <exampleCanonical value="http://ns.electronichealth.net.au/ci/fhir/StructureDefinition/diagnosticreport-path-atomic-1"/>
    </resource>
    <resource>
      <extension url="http://hl7.org/fhir/tools/StructureDefinition/resource-information">
        <valueString value="Observation"/>
      </extension>
      <extension url="http://hl7.org/fhir/StructureDefinition/implementationguide-page">
        <valueUri value="Observation-esr.html"/>
      </extension>
      <reference>
        <reference value="Observation/esr"/>
      </reference>
      <name value="ESR 2016-07-13 (Atomic)(referenced)"/>
      <exampleCanonical value="http://ns.electronichealth.net.au/ci/fhir/StructureDefinition/observation-path-atomic-1"/>
    </resource>
    <resource>
      <extension url="http://hl7.org/fhir/tools/StructureDefinition/resource-information">
        <valueString value="Observation"/>
      </extension>
      <extension url="http://hl7.org/fhir/StructureDefinition/implementationguide-page">
        <valueUri value="Observation-fbc.html"/>
      </extension>
      <reference>
        <reference value="Observation/fbc"/>
      </reference>
      <name value="FBC 2016-07-13 (Atomic)(referenced)"/>
      <exampleCanonical value="http://ns.electronichealth.net.au/ci/fhir/StructureDefinition/observation-path-atomic-1"/>
    </resource>
    <resource>
      <extension url="http://hl7.org/fhir/tools/StructureDefinition/resource-information">
        <valueString value="Observation"/>
      </extension>
      <extension url="http://hl7.org/fhir/StructureDefinition/implementationguide-page">
        <valueUri value="Observation-basophils.html"/>
      </extension>
      <reference>
        <reference value="Observation/basophils"/>
      </reference>
      <name value="Basophils (Atomic)(referenced)"/>
      <exampleCanonical value="http://ns.electronichealth.net.au/ci/fhir/StructureDefinition/observation-path-atomic-1"/>
    </resource>
    <resource>
      <extension url="http://hl7.org/fhir/tools/StructureDefinition/resource-information">
        <valueString value="Observation"/>
      </extension>
      <extension url="http://hl7.org/fhir/StructureDefinition/implementationguide-page">
        <valueUri value="Observation-eosinophils.html"/>
      </extension>
      <reference>
        <reference value="Observation/eosinophils"/>
      </reference>
      <name value="Eosinophils (Atomic)(referenced)"/>
      <exampleCanonical value="http://ns.electronichealth.net.au/ci/fhir/StructureDefinition/observation-path-atomic-1"/>
    </resource>
    <resource>
      <extension url="http://hl7.org/fhir/tools/StructureDefinition/resource-information">
        <valueString value="Observation"/>
      </extension>
      <extension url="http://hl7.org/fhir/StructureDefinition/implementationguide-page">
        <valueUri value="Observation-haematocrit.html"/>
      </extension>
      <reference>
        <reference value="Observation/haematocrit"/>
      </reference>
      <name value="Haematocrit (Atomic)(referenced)"/>
      <exampleCanonical value="http://ns.electronichealth.net.au/ci/fhir/StructureDefinition/observation-path-atomic-1"/>
    </resource>
    <resource>
      <extension url="http://hl7.org/fhir/tools/StructureDefinition/resource-information">
        <valueString value="Observation"/>
      </extension>
      <extension url="http://hl7.org/fhir/StructureDefinition/implementationguide-page">
        <valueUri value="Observation-haemoglobin.html"/>
      </extension>
      <reference>
        <reference value="Observation/haemoglobin"/>
      </reference>
      <name value="Haemoglobin (Atomic)(referenced)"/>
      <exampleCanonical value="http://ns.electronichealth.net.au/ci/fhir/StructureDefinition/observation-path-atomic-1"/>
    </resource>
    <resource>
      <extension url="http://hl7.org/fhir/tools/StructureDefinition/resource-information">
        <valueString value="Observation"/>
      </extension>
      <extension url="http://hl7.org/fhir/StructureDefinition/implementationguide-page">
        <valueUri value="Observation-lymphocytes.html"/>
      </extension>
      <reference>
        <reference value="Observation/lymphocytes"/>
      </reference>
      <name value="Lymphocytes (Atomic)(referenced)"/>
      <exampleCanonical value="http://ns.electronichealth.net.au/ci/fhir/StructureDefinition/observation-path-atomic-1"/>
    </resource>
    <resource>
      <extension url="http://hl7.org/fhir/tools/StructureDefinition/resource-information">
        <valueString value="Observation"/>
      </extension>
      <extension url="http://hl7.org/fhir/StructureDefinition/implementationguide-page">
        <valueUri value="Observation-mchc.html"/>
      </extension>
      <reference>
        <reference value="Observation/mchc"/>
      </reference>
      <name value="MCHC (Atomic)(referenced)"/>
      <exampleCanonical value="http://ns.electronichealth.net.au/ci/fhir/StructureDefinition/observation-path-atomic-1"/>
    </resource>
    <resource>
      <extension url="http://hl7.org/fhir/tools/StructureDefinition/resource-information">
        <valueString value="Observation"/>
      </extension>
      <extension url="http://hl7.org/fhir/StructureDefinition/implementationguide-page">
        <valueUri value="Observation-meancellhaemoglobin.html"/>
      </extension>
      <reference>
        <reference value="Observation/meancellhaemoglobin"/>
      </reference>
      <name value="Mean Cell Haemoglobin (Atomic)(referenced)"/>
      <exampleCanonical value="http://ns.electronichealth.net.au/ci/fhir/StructureDefinition/observation-path-atomic-1"/>
    </resource>
    <resource>
      <extension url="http://hl7.org/fhir/tools/StructureDefinition/resource-information">
        <valueString value="Observation"/>
      </extension>
      <extension url="http://hl7.org/fhir/StructureDefinition/implementationguide-page">
        <valueUri value="Observation-meancellvolume.html"/>
      </extension>
      <reference>
        <reference value="Observation/meancellvolume"/>
      </reference>
      <name value="Mean Cell Volume (Atomic)(referenced)"/>
      <exampleCanonical value="http://ns.electronichealth.net.au/ci/fhir/StructureDefinition/observation-path-atomic-1"/>
    </resource>
    <resource>
      <extension url="http://hl7.org/fhir/tools/StructureDefinition/resource-information">
        <valueString value="Observation"/>
      </extension>
      <extension url="http://hl7.org/fhir/StructureDefinition/implementationguide-page">
        <valueUri value="Observation-monocytes.html"/>
      </extension>
      <reference>
        <reference value="Observation/monocytes"/>
      </reference>
      <name value="Monocytes (Atomic)(referenced)"/>
      <exampleCanonical value="http://ns.electronichealth.net.au/ci/fhir/StructureDefinition/observation-path-atomic-1"/>
    </resource>
    <resource>
      <extension url="http://hl7.org/fhir/tools/StructureDefinition/resource-information">
        <valueString value="Observation"/>
      </extension>
      <extension url="http://hl7.org/fhir/StructureDefinition/implementationguide-page">
        <valueUri value="Observation-neutrophils.html"/>
      </extension>
      <reference>
        <reference value="Observation/neutrophils"/>
      </reference>
      <name value="Neutrophils (Atomic)(referenced)"/>
      <exampleCanonical value="http://ns.electronichealth.net.au/ci/fhir/StructureDefinition/observation-path-atomic-1"/>
    </resource>
    <resource>
      <extension url="http://hl7.org/fhir/tools/StructureDefinition/resource-information">
        <valueString value="Observation"/>
      </extension>
      <extension url="http://hl7.org/fhir/StructureDefinition/implementationguide-page">
        <valueUri value="Observation-plateletcount.html"/>
      </extension>
      <reference>
        <reference value="Observation/plateletcount"/>
      </reference>
      <name value="Platelet Count (referenced)"/>
      <exampleCanonical value="http://ns.electronichealth.net.au/ci/fhir/StructureDefinition/observation-path-atomic-1"/>
    </resource>
    <resource>
      <extension url="http://hl7.org/fhir/tools/StructureDefinition/resource-information">
        <valueString value="Observation"/>
      </extension>
      <extension url="http://hl7.org/fhir/StructureDefinition/implementationguide-page">
        <valueUri value="Observation-redcellcount.html"/>
      </extension>
      <reference>
        <reference value="Observation/redcellcount"/>
      </reference>
      <name value="Red Cell Count (Atomic)(referenced)"/>
      <exampleCanonical value="http://ns.electronichealth.net.au/ci/fhir/StructureDefinition/observation-path-atomic-1"/>
    </resource>
    <resource>
      <extension url="http://hl7.org/fhir/tools/StructureDefinition/resource-information">
        <valueString value="Observation"/>
      </extension>
      <extension url="http://hl7.org/fhir/StructureDefinition/implementationguide-page">
        <valueUri value="Observation-whitecellcount.html"/>
      </extension>
      <reference>
        <reference value="Observation/whitecellcount"/>
      </reference>
      <name value="White Cell Count (Atomic)(referenced)"/>
      <exampleCanonical value="http://ns.electronichealth.net.au/ci/fhir/StructureDefinition/observation-path-atomic-1"/>
    </resource>
    <resource>
      <extension url="http://hl7.org/fhir/tools/StructureDefinition/resource-information">
        <valueString value="ServiceRequest"/>
      </extension>
      <extension url="http://hl7.org/fhir/StructureDefinition/implementationguide-page">
        <valueUri value="ServiceRequest-order-fbc.html"/>
      </extension>
      <reference>
        <reference value="ServiceRequest/order-fbc"/>
      </reference>
      <name value="FBC Order (referenced)"/>
      <exampleCanonical value="http://ns.electronichealth.net.au/ci/fhir/4.0/StructureDefinition/servicerequest-path-report-1"/>
    </resource>
    <resource>
      <extension url="http://hl7.org/fhir/tools/StructureDefinition/resource-information">
        <valueString value="Patient"/>
      </extension>
      <extension url="http://hl7.org/fhir/StructureDefinition/implementationguide-page">
        <valueUri value="Patient-p2p-anne-thompson.html"/>
      </extension>
      <reference>
        <reference value="Patient/p2p-anne-thompson"/>
      </reference>
      <name value="Anne Thomposon (P2P)(referenced)"/>
      <exampleCanonical value="http://ns.electronichealth.net.au/ci/fhir/StructureDefinition/patient-ident-1"/>
    </resource>
    <resource>
      <extension url="http://hl7.org/fhir/tools/StructureDefinition/resource-information">
        <valueString value="PractitionerRole"/>
      </extension>
      <extension url="http://hl7.org/fhir/StructureDefinition/implementationguide-page">
        <valueUri value="PractitionerRole-nsw-gp.html"/>
      </extension>
      <reference>
        <reference value="PractitionerRole/nsw-gp"/>
      </reference>
      <name value="Dr Sarah Bondiali (General Practitioner)(referenced)"/>
      <exampleCanonical value="http://ns.electronichealth.net.au/ci/fhir/StructureDefinition/practitioner-dh-base-1"/>
    </resource>
    <resource>
      <extension url="http://hl7.org/fhir/tools/StructureDefinition/resource-information">
        <valueString value="PractitionerRole"/>
      </extension>
      <extension url="http://hl7.org/fhir/StructureDefinition/implementationguide-page">
        <valueUri value="PractitionerRole-f3e381b5-673e-4941-900c-03d1043604a6.html"/>
      </extension>
      <reference>
        <reference value="PractitionerRole/f3e381b5-673e-4941-900c-03d1043604a6"/>
      </reference>
      <name value="Dr. Robert Brown (Haematologist)(referenced)"/>
      <exampleCanonical value="http://ns.electronichealth.net.au/ci/fhir/StructureDefinition/practitionerrole-ident-1"/>
    </resource>
    <resource>
      <extension url="http://hl7.org/fhir/tools/StructureDefinition/resource-information">
        <valueString value="Practitioner"/>
      </extension>
      <extension url="http://hl7.org/fhir/StructureDefinition/implementationguide-page">
        <valueUri value="Practitioner-f8500c29-796d-480c-b2ac-6ef09d67a669.html"/>
      </extension>
      <reference>
        <reference value="Practitioner/f8500c29-796d-480c-b2ac-6ef09d67a669"/>
      </reference>
      <name value="Dr. Robert Brown (referenced)"/>
      <exampleCanonical value="http://ns.electronichealth.net.au/ci/fhir/StructureDefinition/practitioner-dh-base-1"/>
    </resource>
    <resource>
      <extension url="http://hl7.org/fhir/tools/StructureDefinition/resource-information">
        <valueString value="Organization"/>
      </extension>
      <extension url="http://hl7.org/fhir/StructureDefinition/implementationguide-page">
        <valueUri value="Organization-d9b1a051-034c-4c11-a504-8d75d72bf4ec.html"/>
      </extension>
      <reference>
        <reference value="Organization/d9b1a051-034c-4c11-a504-8d75d72bf4ec"/>
      </reference>
      <name value="Randwick Laboratories (referenced)"/>
      <exampleCanonical value="http://ns.electronichealth.net.au/ci/fhir/StructureDefinition/organization-ident-1"/>
    </resource>
    <resource>
      <extension url="http://hl7.org/fhir/tools/StructureDefinition/resource-information">
        <valueString value="Bundle"/>
      </extension>
      <extension url="http://hl7.org/fhir/StructureDefinition/implementationguide-page">
        <valueUri value="Bundle-94f75158-f8b9-4c08-b96e-4306580c2add.html"/>
      </extension>
      <reference>
        <reference value="Bundle/94f75158-f8b9-4c08-b96e-4306580c2add"/>
      </reference>
      <name value="Echocardiography - pre-chemo (MHR)"/>
      <exampleCanonical value="http://ns.electronichealth.net.au/ci/fhir/4.0/StructureDefinition/composition-otherdiagreport-1"/>
    </resource>
    <resource>
      <extension url="http://hl7.org/fhir/tools/StructureDefinition/resource-information">
        <valueString value="Bundle"/>
      </extension>
      <extension url="http://hl7.org/fhir/StructureDefinition/implementationguide-page">
        <valueUri value="Bundle-0e2357c2-1317-40db-857a-b7162ec3dda8.html"/>
      </extension>
      <reference>
        <reference value="Bundle/0e2357c2-1317-40db-857a-b7162ec3dda8"/>
      </reference>
      <name value="Echocardiography - pre-chemo (Atomic)"/>
      <exampleCanonical value="http://ns.electronichealth.net.au/ci/fhir/StructureDefinition/diagnosticreport-otherdiag-atomic-1"/>
    </resource>
    <resource>
      <extension url="http://hl7.org/fhir/tools/StructureDefinition/resource-information">
        <valueString value="DiagnosticReport"/>
      </extension>
      <extension url="http://hl7.org/fhir/StructureDefinition/implementationguide-page">
        <valueUri value="DiagnosticReport-echocardio-pre-chemo-atomic.html"/>
      </extension>
      <reference>
        <reference value="DiagnosticReport/echocardio-pre-chemo-atomic"/>
      </reference>
      <name value="Echocardiography - pre-chemo (Atomic)"/>
      <exampleCanonical value="http://ns.electronichealth.net.au/ci/fhir/StructureDefinition/diagnosticreport-otherdiag-atomic-1"/>
    </resource>
    <resource>
      <extension url="http://hl7.org/fhir/tools/StructureDefinition/resource-information">
        <valueString value="ServiceRequest"/>
      </extension>
      <extension url="http://hl7.org/fhir/StructureDefinition/implementationguide-page">
        <valueUri value="ServiceRequest-edbc04cd-3387-435c-bda7-6e1a837b2590.html"/>
      </extension>
      <reference>
        <reference value="ServiceRequest/edbc04cd-3387-435c-bda7-6e1a837b2590"/>
      </reference>
      <name value="Echocardiography order"/>
      <exampleCanonical value="http://ns.electronichealth.net.au/ci/fhir/4.0/StructureDefinition/servicerequest-otherdiag-report-1"/>
    </resource>
    <resource>
      <extension url="http://hl7.org/fhir/tools/StructureDefinition/resource-information">
        <valueString value="Observation"/>
      </extension>
      <extension url="http://hl7.org/fhir/StructureDefinition/implementationguide-page">
        <valueUri value="Observation-echocardiography.html"/>
      </extension>
      <reference>
        <reference value="Observation/echocardiography"/>
      </reference>
      <name value="Echocardiography - pre-chemo (Atomic)"/>
      <exampleCanonical value="http://ns.electronichealth.net.au/ci/fhir/StructureDefinition/observation-otherdiag-atomic-1"/>
    </resource>
    <resource>
      <extension url="http://hl7.org/fhir/tools/StructureDefinition/resource-information">
        <valueString value="ImagingStudy"/>
      </extension>
      <extension url="http://hl7.org/fhir/StructureDefinition/implementationguide-page">
        <valueUri value="ImagingStudy-echodicom-for-report.html"/>
      </extension>
      <reference>
        <reference value="ImagingStudy/echodicom-for-report"/>
      </reference>
      <name value="Echocardiography - pre-chemo (Atomic)"/>
      <exampleCanonical value="http://ns.electronichealth.net.au/ci/fhir/4.0/StructureDefinition/imagingstudy-diag-1"/>
    </resource>
    <resource>
      <extension url="http://hl7.org/fhir/tools/StructureDefinition/resource-information">
        <valueString value="Observation"/>
      </extension>
      <extension url="http://hl7.org/fhir/StructureDefinition/implementationguide-page">
        <valueUri value="Observation-leftventricle-structure.html"/>
      </extension>
      <reference>
        <reference value="Observation/leftventricle-structure"/>
      </reference>
      <name value="Echocardiography - Left ventricle 2D (Atomic)"/>
      <exampleCanonical value="http://ns.electronichealth.net.au/ci/fhir/StructureDefinition/observation-otherdiag-atomic-1"/>
    </resource>
    <resource>
      <extension url="http://hl7.org/fhir/tools/StructureDefinition/resource-information">
        <valueString value="Observation"/>
      </extension>
      <extension url="http://hl7.org/fhir/StructureDefinition/implementationguide-page">
        <valueUri value="Observation-ivsd.html"/>
      </extension>
      <reference>
        <reference value="Observation/ivsd"/>
      </reference>
      <name value="Echocardiography - IVS d (Atomic)"/>
      <exampleCanonical value="http://ns.electronichealth.net.au/ci/fhir/StructureDefinition/observation-otherdiag-atomic-1"/>
    </resource>
    <resource>
      <extension url="http://hl7.org/fhir/tools/StructureDefinition/resource-information">
        <valueString value="Observation"/>
      </extension>
      <extension url="http://hl7.org/fhir/StructureDefinition/implementationguide-page">
        <valueUri value="Observation-lvpwd.html"/>
      </extension>
      <reference>
        <reference value="Observation/lvpwd"/>
      </reference>
      <name value="Echocardiography - LVPW d (Atomic)"/>
      <exampleCanonical value="http://ns.electronichealth.net.au/ci/fhir/StructureDefinition/observation-otherdiag-atomic-1"/>
    </resource>
    <resource>
      <extension url="http://hl7.org/fhir/tools/StructureDefinition/resource-information">
        <valueString value="Observation"/>
      </extension>
      <extension url="http://hl7.org/fhir/StructureDefinition/implementationguide-page">
        <valueUri value="Observation-lvidd.html"/>
      </extension>
      <reference>
        <reference value="Observation/lvidd"/>
      </reference>
      <name value="Echocardiography - LVID d (Atomic)"/>
      <exampleCanonical value="http://ns.electronichealth.net.au/ci/fhir/StructureDefinition/observation-otherdiag-atomic-1"/>
    </resource>
    <resource>
      <extension url="http://hl7.org/fhir/tools/StructureDefinition/resource-information">
        <valueString value="Observation"/>
      </extension>
      <extension url="http://hl7.org/fhir/StructureDefinition/implementationguide-page">
        <valueUri value="Observation-lvids.html"/>
      </extension>
      <reference>
        <reference value="Observation/lvids"/>
      </reference>
      <name value="Echocardiography - LVID s (Atomic)"/>
      <exampleCanonical value="http://ns.electronichealth.net.au/ci/fhir/StructureDefinition/observation-otherdiag-atomic-1"/>
    </resource>
    <resource>
      <extension url="http://hl7.org/fhir/tools/StructureDefinition/resource-information">
        <valueString value="Observation"/>
      </extension>
      <extension url="http://hl7.org/fhir/StructureDefinition/implementationguide-page">
        <valueUri value="Observation-lvfs.html"/>
      </extension>
      <reference>
        <reference value="Observation/lvfs"/>
      </reference>
      <name value="Echocardiography - LVFS (Atomic)"/>
      <exampleCanonical value="http://ns.electronichealth.net.au/ci/fhir/StructureDefinition/observation-otherdiag-atomic-1"/>
    </resource>
    <resource>
      <extension url="http://hl7.org/fhir/tools/StructureDefinition/resource-information">
        <valueString value="Observation"/>
      </extension>
      <extension url="http://hl7.org/fhir/StructureDefinition/implementationguide-page">
        <valueUri value="Observation-lvef2D.html"/>
      </extension>
      <reference>
        <reference value="Observation/lvef2D"/>
      </reference>
      <name value="Echocardiography - LVEF 2D (Atomic)"/>
      <exampleCanonical value="http://ns.electronichealth.net.au/ci/fhir/StructureDefinition/observation-otherdiag-atomic-1"/>
    </resource>
    <resource>
      <extension url="http://hl7.org/fhir/tools/StructureDefinition/resource-information">
        <valueString value="Observation"/>
      </extension>
      <extension url="http://hl7.org/fhir/StructureDefinition/implementationguide-page">
        <valueUri value="Observation-atrialarea.html"/>
      </extension>
      <reference>
        <reference value="Observation/atrialarea"/>
      </reference>
      <name value="Echocardiography - Atrial Areas/Volume (Atomic)"/>
      <exampleCanonical value="http://ns.electronichealth.net.au/ci/fhir/StructureDefinition/observation-otherdiag-atomic-1"/>
    </resource>
    <resource>
      <extension url="http://hl7.org/fhir/tools/StructureDefinition/resource-information">
        <valueString value="Observation"/>
      </extension>
      <extension url="http://hl7.org/fhir/StructureDefinition/implementationguide-page">
        <valueUri value="Observation-la-area.html"/>
      </extension>
      <reference>
        <reference value="Observation/la-area"/>
      </reference>
      <name value="Echocardiography - Atrial Areas/Volume (Atomic)"/>
      <exampleCanonical value="http://ns.electronichealth.net.au/ci/fhir/StructureDefinition/observation-otherdiag-atomic-1"/>
    </resource>
    <resource>
      <extension url="http://hl7.org/fhir/tools/StructureDefinition/resource-information">
        <valueString value="Observation"/>
      </extension>
      <extension url="http://hl7.org/fhir/StructureDefinition/implementationguide-page">
        <valueUri value="Observation-ra-area.html"/>
      </extension>
      <reference>
        <reference value="Observation/ra-area"/>
      </reference>
      <name value="Echocardiography - Atrial Areas/Volume (Atomic)"/>
      <exampleCanonical value="http://ns.electronichealth.net.au/ci/fhir/StructureDefinition/observation-otherdiag-atomic-1"/>
    </resource>
    <resource>
      <extension url="http://hl7.org/fhir/tools/StructureDefinition/resource-information">
        <valueString value="Observation"/>
      </extension>
      <extension url="http://hl7.org/fhir/StructureDefinition/implementationguide-page">
        <valueUri value="Observation-leftventricle-systolicfunction.html"/>
      </extension>
      <reference>
        <reference value="Observation/leftventricle-systolicfunction"/>
      </reference>
      <name value="Echocardiography - LV SYSTOLIC FUNCTION (Atomic)"/>
      <exampleCanonical value="http://ns.electronichealth.net.au/ci/fhir/StructureDefinition/observation-otherdiag-atomic-1"/>
    </resource>
    <resource>
      <extension url="http://hl7.org/fhir/tools/StructureDefinition/resource-information">
        <valueString value="Observation"/>
      </extension>
      <extension url="http://hl7.org/fhir/StructureDefinition/implementationguide-page">
        <valueUri value="Observation-lvvol.html"/>
      </extension>
      <reference>
        <reference value="Observation/lvvol"/>
      </reference>
      <name value="Echocardiography - LV vol (Atomic)"/>
      <exampleCanonical value="http://ns.electronichealth.net.au/ci/fhir/StructureDefinition/observation-otherdiag-atomic-1"/>
    </resource>
    <resource>
      <extension url="http://hl7.org/fhir/tools/StructureDefinition/resource-information">
        <valueString value="Observation"/>
      </extension>
      <extension url="http://hl7.org/fhir/StructureDefinition/implementationguide-page">
        <valueUri value="Observation-lvvol-bsasex.html"/>
      </extension>
      <reference>
        <reference value="Observation/lvvol-bsasex"/>
      </reference>
      <name value="Echocardiography - LV vol (BSA/SEX) ULN (Atomic)"/>
      <exampleCanonical value="http://ns.electronichealth.net.au/ci/fhir/StructureDefinition/observation-otherdiag-atomic-1"/>
    </resource>
    <resource>
      <extension url="http://hl7.org/fhir/tools/StructureDefinition/resource-information">
        <valueString value="Observation"/>
      </extension>
      <extension url="http://hl7.org/fhir/StructureDefinition/implementationguide-page">
        <valueUri value="Observation-lv-ef.html"/>
      </extension>
      <reference>
        <reference value="Observation/lv-ef"/>
      </reference>
      <name value="Echocardiography - LV EF (Atomic)"/>
      <exampleCanonical value="http://ns.electronichealth.net.au/ci/fhir/StructureDefinition/observation-otherdiag-atomic-1"/>
    </resource>
    <resource>
      <extension url="http://hl7.org/fhir/tools/StructureDefinition/resource-information">
        <valueString value="Observation"/>
      </extension>
      <extension url="http://hl7.org/fhir/StructureDefinition/implementationguide-page">
        <valueUri value="Observation-leftventricle-dystolicfunction.html"/>
      </extension>
      <reference>
        <reference value="Observation/leftventricle-dystolicfunction"/>
      </reference>
      <name value="Echocardiography - LV DIASTOLIC FUNCTION (Atomic)"/>
      <exampleCanonical value="http://ns.electronichealth.net.au/ci/fhir/StructureDefinition/observation-otherdiag-atomic-1"/>
    </resource>
    <resource>
      <extension url="http://hl7.org/fhir/tools/StructureDefinition/resource-information">
        <valueString value="Observation"/>
      </extension>
      <extension url="http://hl7.org/fhir/StructureDefinition/implementationguide-page">
        <valueUri value="Observation-mvpeak.html"/>
      </extension>
      <reference>
        <reference value="Observation/mvpeak"/>
      </reference>
      <name value="Echocardiography - MV Peak (Atomic)"/>
      <exampleCanonical value="http://ns.electronichealth.net.au/ci/fhir/StructureDefinition/observation-otherdiag-atomic-1"/>
    </resource>
    <resource>
      <extension url="http://hl7.org/fhir/tools/StructureDefinition/resource-information">
        <valueString value="Observation"/>
      </extension>
      <extension url="http://hl7.org/fhir/StructureDefinition/implementationguide-page">
        <valueUri value="Observation-mvpeaka.html"/>
      </extension>
      <reference>
        <reference value="Observation/mvpeaka"/>
      </reference>
      <name value="Echocardiography - MV Peak A (Atomic)"/>
      <exampleCanonical value="http://ns.electronichealth.net.au/ci/fhir/StructureDefinition/observation-otherdiag-atomic-1"/>
    </resource>
    <resource>
      <extension url="http://hl7.org/fhir/tools/StructureDefinition/resource-information">
        <valueString value="Observation"/>
      </extension>
      <extension url="http://hl7.org/fhir/StructureDefinition/implementationguide-page">
        <valueUri value="Observation-deceltime.html"/>
      </extension>
      <reference>
        <reference value="Observation/deceltime"/>
      </reference>
      <name value="Echocardiography - Decel Time(Atomic)"/>
      <exampleCanonical value="http://ns.electronichealth.net.au/ci/fhir/StructureDefinition/observation-otherdiag-atomic-1"/>
    </resource>
    <resource>
      <extension url="http://hl7.org/fhir/tools/StructureDefinition/resource-information">
        <valueString value="Observation"/>
      </extension>
      <extension url="http://hl7.org/fhir/StructureDefinition/implementationguide-page">
        <valueUri value="Observation-mvadur.html"/>
      </extension>
      <reference>
        <reference value="Observation/mvadur"/>
      </reference>
      <name value="Echocardiography - MV A dur (Atomic)"/>
      <exampleCanonical value="http://ns.electronichealth.net.au/ci/fhir/StructureDefinition/observation-otherdiag-atomic-1"/>
    </resource>
    <resource>
      <extension url="http://hl7.org/fhir/tools/StructureDefinition/resource-information">
        <valueString value="Observation"/>
      </extension>
      <extension url="http://hl7.org/fhir/StructureDefinition/implementationguide-page">
        <valueUri value="Observation-e-mvann.html"/>
      </extension>
      <reference>
        <reference value="Observation/e-mvann"/>
      </reference>
      <name value="Echocardiography - MV A dur (Atomic)"/>
      <exampleCanonical value="http://ns.electronichealth.net.au/ci/fhir/StructureDefinition/observation-otherdiag-atomic-1"/>
    </resource>
    <resource>
      <extension url="http://hl7.org/fhir/tools/StructureDefinition/resource-information">
        <valueString value="Observation"/>
      </extension>
      <extension url="http://hl7.org/fhir/StructureDefinition/implementationguide-page">
        <valueUri value="Observation-e-e-ratio.html"/>
      </extension>
      <reference>
        <reference value="Observation/e-e-ratio"/>
      </reference>
      <name value="Echocardiography - E&#39; MV Ann (Atomic)"/>
      <exampleCanonical value="http://ns.electronichealth.net.au/ci/fhir/StructureDefinition/observation-otherdiag-atomic-1"/>
    </resource>
    <resource>
      <extension url="http://hl7.org/fhir/tools/StructureDefinition/resource-information">
        <valueString value="Observation"/>
      </extension>
      <extension url="http://hl7.org/fhir/StructureDefinition/implementationguide-page">
        <valueUri value="Observation-e-a-ratio.html"/>
      </extension>
      <reference>
        <reference value="Observation/e-a-ratio"/>
      </reference>
      <name value="Echocardiography - E/e&#39; ratio (Atomic)"/>
      <exampleCanonical value="http://ns.electronichealth.net.au/ci/fhir/StructureDefinition/observation-otherdiag-atomic-1"/>
    </resource>
    <resource>
      <extension url="http://hl7.org/fhir/tools/StructureDefinition/resource-information">
        <valueString value="Observation"/>
      </extension>
      <extension url="http://hl7.org/fhir/StructureDefinition/implementationguide-page">
        <valueUri value="Observation-rupvavmax.html"/>
      </extension>
      <reference>
        <reference value="Observation/rupvavmax"/>
      </reference>
      <name value="Echocardiography - RUPV A Vmax (Atomic)"/>
      <exampleCanonical value="http://ns.electronichealth.net.au/ci/fhir/StructureDefinition/observation-otherdiag-atomic-1"/>
    </resource>
    <resource>
      <extension url="http://hl7.org/fhir/tools/StructureDefinition/resource-information">
        <valueString value="Observation"/>
      </extension>
      <extension url="http://hl7.org/fhir/StructureDefinition/implementationguide-page">
        <valueUri value="Observation-rupvsvmax.html"/>
      </extension>
      <reference>
        <reference value="Observation/rupvsvmax"/>
      </reference>
      <name value="Echocardiography - RUPV S Vmax (Atomic)"/>
      <exampleCanonical value="http://ns.electronichealth.net.au/ci/fhir/StructureDefinition/observation-otherdiag-atomic-1"/>
    </resource>
    <resource>
      <extension url="http://hl7.org/fhir/tools/StructureDefinition/resource-information">
        <valueString value="Observation"/>
      </extension>
      <extension url="http://hl7.org/fhir/StructureDefinition/implementationguide-page">
        <valueUri value="Observation-rupvdvmax.html"/>
      </extension>
      <reference>
        <reference value="Observation/rupvdvmax"/>
      </reference>
      <name value="Echocardiography - RUPV D Vmax (Atomic)"/>
      <exampleCanonical value="http://ns.electronichealth.net.au/ci/fhir/StructureDefinition/observation-otherdiag-atomic-1"/>
    </resource>
    <resource>
      <extension url="http://hl7.org/fhir/tools/StructureDefinition/resource-information">
        <valueString value="Observation"/>
      </extension>
      <extension url="http://hl7.org/fhir/StructureDefinition/implementationguide-page">
        <valueUri value="Observation-mitralvalve.html"/>
      </extension>
      <reference>
        <reference value="Observation/mitralvalve"/>
      </reference>
      <name value="Echocardiography - Mitral Valve (Atomic)"/>
      <exampleCanonical value="http://ns.electronichealth.net.au/ci/fhir/StructureDefinition/observation-otherdiag-atomic-1"/>
    </resource>
    <resource>
      <extension url="http://hl7.org/fhir/tools/StructureDefinition/resource-information">
        <valueString value="Observation"/>
      </extension>
      <extension url="http://hl7.org/fhir/StructureDefinition/implementationguide-page">
        <valueUri value="Observation-mv-p12-time.html"/>
      </extension>
      <reference>
        <reference value="Observation/mv-p12-time"/>
      </reference>
      <name value="Echocardiography - MV P1/2 Time (Atomic)"/>
      <exampleCanonical value="http://ns.electronichealth.net.au/ci/fhir/StructureDefinition/observation-otherdiag-atomic-1"/>
    </resource>
    <resource>
      <extension url="http://hl7.org/fhir/tools/StructureDefinition/resource-information">
        <valueString value="Observation"/>
      </extension>
      <extension url="http://hl7.org/fhir/StructureDefinition/implementationguide-page">
        <valueUri value="Observation-mvarea-pht.html"/>
      </extension>
      <reference>
        <reference value="Observation/mvarea-pht"/>
      </reference>
      <name value="Echocardiography - MV area (Atomic)"/>
      <exampleCanonical value="http://ns.electronichealth.net.au/ci/fhir/StructureDefinition/observation-otherdiag-atomic-1"/>
    </resource>
    <resource>
      <extension url="http://hl7.org/fhir/tools/StructureDefinition/resource-information">
        <valueString value="Observation"/>
      </extension>
      <extension url="http://hl7.org/fhir/StructureDefinition/implementationguide-page">
        <valueUri value="Observation-aorticvalve.html"/>
      </extension>
      <reference>
        <reference value="Observation/aorticvalve"/>
      </reference>
      <name value="Echocardiography - Aortic Valve (Atomic)"/>
      <exampleCanonical value="http://ns.electronichealth.net.au/ci/fhir/StructureDefinition/observation-otherdiag-atomic-1"/>
    </resource>
    <resource>
      <extension url="http://hl7.org/fhir/tools/StructureDefinition/resource-information">
        <valueString value="Observation"/>
      </extension>
      <extension url="http://hl7.org/fhir/StructureDefinition/implementationguide-page">
        <valueUri value="Observation-aov-maxvel.html"/>
      </extension>
      <reference>
        <reference value="Observation/aov-maxvel"/>
      </reference>
      <name value="Echocardiography - AoV Max Vel(Atomic)"/>
      <exampleCanonical value="http://ns.electronichealth.net.au/ci/fhir/StructureDefinition/observation-otherdiag-atomic-1"/>
    </resource>
    <resource>
      <extension url="http://hl7.org/fhir/tools/StructureDefinition/resource-information">
        <valueString value="Observation"/>
      </extension>
      <extension url="http://hl7.org/fhir/StructureDefinition/implementationguide-page">
        <valueUri value="Observation-aov-peakpg.html"/>
      </extension>
      <reference>
        <reference value="Observation/aov-peakpg"/>
      </reference>
      <name value="Echocardiography - AoV Peak PG (Atomic)"/>
      <exampleCanonical value="http://ns.electronichealth.net.au/ci/fhir/StructureDefinition/observation-otherdiag-atomic-1"/>
    </resource>
    <resource>
      <extension url="http://hl7.org/fhir/tools/StructureDefinition/resource-information">
        <valueString value="Observation"/>
      </extension>
      <extension url="http://hl7.org/fhir/StructureDefinition/implementationguide-page">
        <valueUri value="Observation-aov-meanpg.html"/>
      </extension>
      <reference>
        <reference value="Observation/aov-meanpg"/>
      </reference>
      <name value="Echocardiography - AoV Mean PG (Atomic)"/>
      <exampleCanonical value="http://ns.electronichealth.net.au/ci/fhir/StructureDefinition/observation-otherdiag-atomic-1"/>
    </resource>
    <resource>
      <extension url="http://hl7.org/fhir/tools/StructureDefinition/resource-information">
        <valueString value="Observation"/>
      </extension>
      <extension url="http://hl7.org/fhir/StructureDefinition/implementationguide-page">
        <valueUri value="Observation-lvot-vmax.html"/>
      </extension>
      <reference>
        <reference value="Observation/lvot-vmax"/>
      </reference>
      <name value="Echocardiography - LVOT Vmax (Atomic)"/>
      <exampleCanonical value="http://ns.electronichealth.net.au/ci/fhir/StructureDefinition/observation-otherdiag-atomic-1"/>
    </resource>
    <resource>
      <extension url="http://hl7.org/fhir/tools/StructureDefinition/resource-information">
        <valueString value="Observation"/>
      </extension>
      <extension url="http://hl7.org/fhir/StructureDefinition/implementationguide-page">
        <valueUri value="Observation-lvot-vti.html"/>
      </extension>
      <reference>
        <reference value="Observation/lvot-vti"/>
      </reference>
      <name value="Echocardiography - LVOT VTI (Atomic)"/>
      <exampleCanonical value="http://ns.electronichealth.net.au/ci/fhir/StructureDefinition/observation-otherdiag-atomic-1"/>
    </resource>
    <resource>
      <extension url="http://hl7.org/fhir/tools/StructureDefinition/resource-information">
        <valueString value="Observation"/>
      </extension>
      <extension url="http://hl7.org/fhir/StructureDefinition/implementationguide-page">
        <valueUri value="Observation-lvot-diam.html"/>
      </extension>
      <reference>
        <reference value="Observation/lvot-diam"/>
      </reference>
      <name value="Echocardiography - LVOT Diam (Atomic)"/>
      <exampleCanonical value="http://ns.electronichealth.net.au/ci/fhir/StructureDefinition/observation-otherdiag-atomic-1"/>
    </resource>
    <resource>
      <extension url="http://hl7.org/fhir/tools/StructureDefinition/resource-information">
        <valueString value="Observation"/>
      </extension>
      <extension url="http://hl7.org/fhir/StructureDefinition/implementationguide-page">
        <valueUri value="Observation-aov-areavmax.html"/>
      </extension>
      <reference>
        <reference value="Observation/aov-areavmax"/>
      </reference>
      <name value="Echocardiography - AoV Area Vmax (Atomic)"/>
      <exampleCanonical value="http://ns.electronichealth.net.au/ci/fhir/StructureDefinition/observation-otherdiag-atomic-1"/>
    </resource>
    <resource>
      <extension url="http://hl7.org/fhir/tools/StructureDefinition/resource-information">
        <valueString value="Observation"/>
      </extension>
      <extension url="http://hl7.org/fhir/StructureDefinition/implementationguide-page">
        <valueUri value="Observation-aov-areavti.html"/>
      </extension>
      <reference>
        <reference value="Observation/aov-areavti"/>
      </reference>
      <name value="Echocardiography - AoV Area VTI (Atomic)"/>
      <exampleCanonical value="http://ns.electronichealth.net.au/ci/fhir/StructureDefinition/observation-otherdiag-atomic-1"/>
    </resource>
    <resource>
      <extension url="http://hl7.org/fhir/tools/StructureDefinition/resource-information">
        <valueString value="Observation"/>
      </extension>
      <extension url="http://hl7.org/fhir/StructureDefinition/implementationguide-page">
        <valueUri value="Observation-dpi.html"/>
      </extension>
      <reference>
        <reference value="Observation/dpi"/>
      </reference>
      <name value="Echocardiography - DPI (Atomic)"/>
      <exampleCanonical value="http://ns.electronichealth.net.au/ci/fhir/StructureDefinition/observation-otherdiag-atomic-1"/>
    </resource>
    <resource>
      <extension url="http://hl7.org/fhir/tools/StructureDefinition/resource-information">
        <valueString value="Observation"/>
      </extension>
      <extension url="http://hl7.org/fhir/StructureDefinition/implementationguide-page">
        <valueUri value="Observation-tricupsid-parvpressure.html"/>
      </extension>
      <reference>
        <reference value="Observation/tricupsid-parvpressure"/>
      </reference>
      <name value="Echocardiography - Tricuspid Valve and PA/RV Systolic Pressure (Atomic)"/>
      <exampleCanonical value="http://ns.electronichealth.net.au/ci/fhir/StructureDefinition/observation-otherdiag-atomic-1"/>
    </resource>
    <resource>
      <extension url="http://hl7.org/fhir/tools/StructureDefinition/resource-information">
        <valueString value="Observation"/>
      </extension>
      <extension url="http://hl7.org/fhir/StructureDefinition/implementationguide-page">
        <valueUri value="Observation-trmaxvelocity.html"/>
      </extension>
      <reference>
        <reference value="Observation/trmaxvelocity"/>
      </reference>
      <name value="Echocardiography - TR Max Velocity (Atomic)"/>
      <exampleCanonical value="http://ns.electronichealth.net.au/ci/fhir/StructureDefinition/observation-otherdiag-atomic-1"/>
    </resource>
    <resource>
      <extension url="http://hl7.org/fhir/tools/StructureDefinition/resource-information">
        <valueString value="Observation"/>
      </extension>
      <extension url="http://hl7.org/fhir/StructureDefinition/implementationguide-page">
        <valueUri value="Observation-rapressure.html"/>
      </extension>
      <reference>
        <reference value="Observation/rapressure"/>
      </reference>
      <name value="Echocardiography - RA pressure (Atomic)"/>
      <exampleCanonical value="http://ns.electronichealth.net.au/ci/fhir/StructureDefinition/observation-otherdiag-atomic-1"/>
    </resource>
    <resource>
      <extension url="http://hl7.org/fhir/tools/StructureDefinition/resource-information">
        <valueString value="Observation"/>
      </extension>
      <extension url="http://hl7.org/fhir/StructureDefinition/implementationguide-page">
        <valueUri value="Observation-rvsp-pasp.html"/>
      </extension>
      <reference>
        <reference value="Observation/rvsp-pasp"/>
      </reference>
      <name value="Echocardiography - RVSP/PASP (Atomic)"/>
      <exampleCanonical value="http://ns.electronichealth.net.au/ci/fhir/StructureDefinition/observation-otherdiag-atomic-1"/>
    </resource>
    <resource>
      <extension url="http://hl7.org/fhir/tools/StructureDefinition/resource-information">
        <valueString value="Observation"/>
      </extension>
      <extension url="http://hl7.org/fhir/StructureDefinition/implementationguide-page">
        <valueUri value="Observation-rv-s.html"/>
      </extension>
      <reference>
        <reference value="Observation/rv-s"/>
      </reference>
      <name value="Echocardiography - RV S&#39; (Atomic)"/>
      <exampleCanonical value="http://ns.electronichealth.net.au/ci/fhir/StructureDefinition/observation-otherdiag-atomic-1"/>
    </resource>
    <resource>
      <extension url="http://hl7.org/fhir/tools/StructureDefinition/resource-information">
        <valueString value="Observation"/>
      </extension>
      <extension url="http://hl7.org/fhir/StructureDefinition/implementationguide-page">
        <valueUri value="Observation-pulmonaryvalve.html"/>
      </extension>
      <reference>
        <reference value="Observation/pulmonaryvalve"/>
      </reference>
      <name value="Echocardiography - Pulmonary  Valve (Atomic)"/>
      <exampleCanonical value="http://ns.electronichealth.net.au/ci/fhir/StructureDefinition/observation-otherdiag-atomic-1"/>
    </resource>
    <resource>
      <extension url="http://hl7.org/fhir/tools/StructureDefinition/resource-information">
        <valueString value="Observation"/>
      </extension>
      <extension url="http://hl7.org/fhir/StructureDefinition/implementationguide-page">
        <valueUri value="Observation-pvmaxvelocity.html"/>
      </extension>
      <reference>
        <reference value="Observation/pvmaxvelocity"/>
      </reference>
      <name value="Echocardiography - Pulmonary  Valve (Atomic)"/>
      <exampleCanonical value="http://ns.electronichealth.net.au/ci/fhir/StructureDefinition/observation-otherdiag-atomic-1"/>
    </resource>
    <resource>
      <extension url="http://hl7.org/fhir/tools/StructureDefinition/resource-information">
        <valueString value="Observation"/>
      </extension>
      <extension url="http://hl7.org/fhir/StructureDefinition/implementationguide-page">
        <valueUri value="Observation-pvmaxpg.html"/>
      </extension>
      <reference>
        <reference value="Observation/pvmaxpg"/>
      </reference>
      <name value="Echocardiography - Pulmonary  Valve (Atomic)"/>
      <exampleCanonical value="http://ns.electronichealth.net.au/ci/fhir/StructureDefinition/observation-otherdiag-atomic-1"/>
    </resource>
    <resource>
      <extension url="http://hl7.org/fhir/tools/StructureDefinition/resource-information">
        <valueString value="Patient"/>
      </extension>
      <extension url="http://hl7.org/fhir/StructureDefinition/implementationguide-page">
        <valueUri value="Patient-995138d0-b8bc-4bd9-b49d-d2d025d39ae7.html"/>
      </extension>
      <reference>
        <reference value="Patient/995138d0-b8bc-4bd9-b49d-d2d025d39ae7"/>
      </reference>
      <name value="Mr Wei Zhang (P2P)"/>
      <exampleCanonical value="http://ns.electronichealth.net.au/ci/fhir/StructureDefinition/patient-ident-1"/>
    </resource>
    <resource>
      <extension url="http://hl7.org/fhir/tools/StructureDefinition/resource-information">
        <valueString value="PractitionerRole"/>
      </extension>
      <extension url="http://hl7.org/fhir/StructureDefinition/implementationguide-page">
        <valueUri value="PractitionerRole-46d552b7-88a9-427b-9d62-8b0727de91f9.html"/>
      </extension>
      <reference>
        <reference value="PractitionerRole/46d552b7-88a9-427b-9d62-8b0727de91f9"/>
      </reference>
      <name value="Dr Fredrika Bremer (Cardiologist)"/>
      <exampleCanonical value="http://ns.electronichealth.net.au/ci/fhir/StructureDefinition/practitionerrole-ident-1"/>
    </resource>
    <resource>
      <extension url="http://hl7.org/fhir/tools/StructureDefinition/resource-information">
        <valueString value="Practitioner"/>
      </extension>
      <extension url="http://hl7.org/fhir/StructureDefinition/implementationguide-page">
        <valueUri value="Practitioner-d68312c9-b122-4fe5-8e3c-f550bd989f4b.html"/>
      </extension>
      <reference>
        <reference value="Practitioner/d68312c9-b122-4fe5-8e3c-f550bd989f4b"/>
      </reference>
      <name value="Dr Fredrika Bremer"/>
      <exampleCanonical value="http://ns.electronichealth.net.au/ci/fhir/StructureDefinition/practitioner-dh-base-1"/>
    </resource>
    <resource>
      <extension url="http://hl7.org/fhir/tools/StructureDefinition/resource-information">
        <valueString value="PractitionerRole"/>
      </extension>
      <extension url="http://hl7.org/fhir/StructureDefinition/implementationguide-page">
        <valueUri value="PractitionerRole-04ac8978-bc60-4492-aa07-f62568ebe5c6.html"/>
      </extension>
      <reference>
        <reference value="PractitionerRole/04ac8978-bc60-4492-aa07-f62568ebe5c6"/>
      </reference>
      <name value="Ms Linda Howard (Sonographer)"/>
      <exampleCanonical value="http://ns.electronichealth.net.au/ci/fhir/StructureDefinition/practitionerrole-ident-1"/>
    </resource>
    <resource>
      <extension url="http://hl7.org/fhir/tools/StructureDefinition/resource-information">
        <valueString value="Practitioner"/>
      </extension>
      <extension url="http://hl7.org/fhir/StructureDefinition/implementationguide-page">
        <valueUri value="Practitioner-e6de10ad-8dba-4250-8399-311da99e8c30.html"/>
      </extension>
      <reference>
        <reference value="Practitioner/e6de10ad-8dba-4250-8399-311da99e8c30"/>
      </reference>
      <name value="Ms Linda Howard"/>
      <exampleCanonical value="http://ns.electronichealth.net.au/ci/fhir/StructureDefinition/practitioner-dh-base-1"/>
    </resource>
    <resource>
      <extension url="http://hl7.org/fhir/tools/StructureDefinition/resource-information">
        <valueString value="PractitionerRole"/>
      </extension>
      <extension url="http://hl7.org/fhir/StructureDefinition/implementationguide-page">
        <valueUri value="PractitionerRole-cb084861-dd87-48ff-b645-5cb620a00e8e.html"/>
      </extension>
      <reference>
        <reference value="PractitionerRole/cb084861-dd87-48ff-b645-5cb620a00e8e"/>
      </reference>
      <name value="Dr David George (Oncologist)"/>
      <exampleCanonical value="http://ns.electronichealth.net.au/ci/fhir/StructureDefinition/practitionerrole-ident-1"/>
    </resource>
    <resource>
      <extension url="http://hl7.org/fhir/tools/StructureDefinition/resource-information">
        <valueString value="Organization"/>
      </extension>
      <extension url="http://hl7.org/fhir/StructureDefinition/implementationguide-page">
        <valueUri value="Organization-nsw-hospital.html"/>
      </extension>
      <reference>
        <reference value="Organization/nsw-hospital"/>
      </reference>
      <name value="NSW Hospital"/>
      <exampleCanonical value="http://ns.electronichealth.net.au/ci/fhir/StructureDefinition/organization-ident-1"/>
    </resource>
    <resource>
      <extension url="http://hl7.org/fhir/tools/StructureDefinition/resource-information">
        <valueString value="Endpoint"/>
      </extension>
      <extension url="http://hl7.org/fhir/StructureDefinition/implementationguide-page">
        <valueUri value="Endpoint-nsw-hospital-wadors.html"/>
      </extension>
      <reference>
        <reference value="Endpoint/nsw-hospital-wadors"/>
      </reference>
      <name value="NSW Hospital WADORS"/>
      <exampleBoolean value="true"/>
    </resource>
    <resource>
      <extension url="http://hl7.org/fhir/tools/StructureDefinition/resource-information">
        <valueString value="Binary"/>
      </extension>
      <extension url="http://hl7.org/fhir/StructureDefinition/implementationguide-page">
        <valueUri value="Binary-echocardio-pre-chemo-report-pdf.html"/>
      </extension>
      <reference>
        <reference value="Binary/echocardio-pre-chemo-report-pdf"/>
      </reference>
      <name value="Echocardiography pre-chemo report (PDF)"/>
      <exampleBoolean value="true"/>
    </resource>
    <page>
      <nameUrl value="index.html"/>
      <title value="TBD"/>
      <generation value="html"/>
    </page>
  </definition>
</ImplementationGuide>