<?xml version="1.0" encoding="UTF-8"?>

<Observation xmlns="http://hl7.org/fhir">
  <id value="mitralvalve"/>
  <meta>
    <profile value="http://ns.electronichealth.net.au/ci/fhir/StructureDefinition/observation-otherdiag-atomic-1"/>
  </meta>
  <text>
    <status value="generated"/><div xmlns="http://www.w3.org/1999/xhtml"><p><b>Generated Narrative</b></p><p></p><p><b>category</b>: <span title="Codes: {http://terminology.hl7.org/CodeSystem/observation-category imaging}">Imaging</span>, <span title="Codes: {http://terminology.hl7.org/CodeSystem/v2-0074 CUS}">Cardiac Ultrasound</span></p><p><b>code</b>: <span title="Codes: {http://snomed.info/sct 364083004}">Mitral Valve</span></p><p><b>subject</b>: <a href="Patient-995138d0-b8bc-4bd9-b49d-d2d025d39ae7.html">Generated Summary: IHI: 8003608000228437, Medicare Number: 29533070311, Medical Record Number: 2338172; Wei Zhang ; gender: male; birthDate: 1969-05-03</a></p><p><b>effective</b>: 06/01/2019 9:45:00 AM</p><p><b>performer</b>: <a href="PractitionerRole-04ac8978-bc60-4492-aa07-f62568ebe5c6.html">Generated Summary: HPI-I: 8003616566708106, Employee Number: NSW31u32-401; <span title="Codes: {http://snomed.info/sct 1012861000168100}">Sonographer</span></a></p><p><b>bodySite</b>: <span title="Codes: {http://snomed.info/sct 91134007}">Mitral valve structure</span></p><p><b>method</b>: <span title="Codes: {http://snomed.info/sct 278292003}">Ultrasound imaging</span></p><p><b>hasMember</b>: </p><ul><li><a href="Observation-mv-p12-time.html">Generated Summary: <span title="Codes: {http://terminology.hl7.org/CodeSystem/observation-category imaging}">Imaging</span>, <span title="Codes: {http://terminology.hl7.org/CodeSystem/v2-0074 CUS}">Cardiac Ultrasound</span>; <span title="Codes: {http://loinc.org 79912-2}">MV P1/2 Time</span>; effective: 06/01/2019 9:45:00 AM; 61 msec; <span title="Codes: {http://snomed.info/sct 91134007}">Mitral valve structure</span>; <span title="Codes: {http://snomed.info/sct 278292003}">Ultrasound imaging</span></a></li><li><a href="Observation-mvarea-pht.html">Generated Summary: <span title="Codes: {http://terminology.hl7.org/CodeSystem/observation-category imaging}">Imaging</span>, <span title="Codes: {http://terminology.hl7.org/CodeSystem/v2-0074 CUS}">Cardiac Ultrasound</span>; <span title="Codes: {http://loinc.org 80069-8}">MV area, PHT</span>; effective: 06/01/2019 9:45:00 AM; 3.2 cm2; <span title="Codes: {http://snomed.info/sct 91134007}">Mitral valve structure</span>; <span title="Codes: {http://snomed.info/sct 278292003}">Ultrasound imaging</span></a></li></ul></div>
  </text>
  <status value="final"/>
  <category>
    <coding>
      <system value="http://terminology.hl7.org/CodeSystem/observation-category"/>
      <code value="imaging"/>
    </coding>
  </category>
  <category>
    <coding>
      <system value="http://terminology.hl7.org/CodeSystem/v2-0074"/>
      <code value="CUS"/>
      <display value="Cardiac Ultrasound"/>
    </coding>
  </category>
  <code>
    <coding>
      <system value="http://snomed.info/sct"/>
      <code value="364083004"/>
      <display value="Mitral valve feature"/>
    </coding>
    <text value="Mitral Valve"/>
  </code>
  <subject>
    <reference value="Patient/995138d0-b8bc-4bd9-b49d-d2d025d39ae7"/>
  </subject>
  <effectiveDateTime value="2019-01-06T09:45:00+10:00"/>
  <performer>
    <reference value="PractitionerRole/04ac8978-bc60-4492-aa07-f62568ebe5c6"/>
  </performer>
  <bodySite>
    <coding>
      <system value="http://snomed.info/sct"/>
      <code value="91134007"/>
      <display value="Mitral valve structure"/>
    </coding>
  </bodySite>
  <method>
    <coding>
      <system value="http://snomed.info/sct"/>
      <code value="278292003"/>
      <display value="Ultrasound imaging"/>
    </coding>
  </method>
  <hasMember>
    <reference value="Observation/mv-p12-time"/>
  </hasMember>
  <hasMember>
    <reference value="Observation/mvarea-pht"/>
  </hasMember>
</Observation>