<?xml version="1.0" encoding="UTF-8"?>

<Observation xmlns="http://hl7.org/fhir">
  <id value="rupvavmax"/>
  <meta>
    <profile value="http://ns.electronichealth.net.au/ci/fhir/StructureDefinition/observation-otherdiag-atomic-1"/>
  </meta>
  <text>
    <status value="generated"/><div xmlns="http://www.w3.org/1999/xhtml"><p><b>Generated Narrative</b></p><p><b>id</b>: rupvavmax</p><p><b>meta</b>: </p><p></p><p><b>category</b>: <span title="Codes: {http://terminology.hl7.org/CodeSystem/observation-category imaging}">Imaging</span>, <span title="Codes: {http://terminology.hl7.org/CodeSystem/v2-0074 CUS}">Cardiac Ultrasound</span></p><p><b>code</b>: <span title="Codes: {http://loinc.org 79915-5}">RUPV A Vmax</span></p><p><b>subject</b>: <a href="Patient-995138d0-b8bc-4bd9-b49d-d2d025d39ae7.html">Generated Summary: id: 995138d0-b8bc-4bd9-b49d-d2d025d39ae7; IHI = 8003608000228437, Medicare Number = 29533070311, Medical Record Number = 2338172; Wei Zhang ; gender: male; birthDate: 1969-05-03</a></p><p><b>effective</b>: 06/01/2019 9:45:00 AM</p><p><b>performer</b>: <a href="PractitionerRole-04ac8978-bc60-4492-aa07-f62568ebe5c6.html">Generated Summary: id: 04ac8978-bc60-4492-aa07-f62568ebe5c6; HPI-I = 8003616566708106, Employee Number = NSW31u32-401; <span title="Codes: {http://snomed.info/sct 1012861000168100}">Sonographer</span></a></p><p><b>value</b>: 0.3 m/s</p><p><b>bodySite</b>: <span title="Codes: {http://snomed.info/sct 278011000}">Entire superior right pulmonary vein</span></p><p><b>method</b>: <span title="Codes: {http://snomed.info/sct 278292003}">Ultrasound imaging</span></p></div>
  </text>
  <status value="final"/>
  <category>
    <coding>
      <system value="http://terminology.hl7.org/CodeSystem/observation-category"/>
      <code value="imaging"/>
    </coding>
  </category>
  <category>
    <coding>
      <system value="http://terminology.hl7.org/CodeSystem/v2-0074"/>
      <code value="CUS"/>
      <display value="Cardiac Ultrasound"/>
    </coding>
  </category>
  <code>
    <coding>
      <system value="http://loinc.org"/>
      <code value="79915-5"/>
      <display value="Pulm vein A wave Vmax"/>
    </coding>
    <text value="RUPV A Vmax"/>
  </code>
  <subject>
    <reference value="Patient/995138d0-b8bc-4bd9-b49d-d2d025d39ae7"/>
  </subject>
  <effectiveDateTime value="2019-01-06T09:45:00+10:00"/>
  <performer>
    <reference value="PractitionerRole/04ac8978-bc60-4492-aa07-f62568ebe5c6"/>
  </performer>
  <valueQuantity>
    <value value="0.3"/>
    <unit value="m/s"/>
    <system value="http://unitsofmeasure.org"/>
    <code value="m/s"/>
  </valueQuantity>
  <bodySite>
    <coding>
      <system value="http://snomed.info/sct"/>
      <code value="278011000"/>
      <display value="Entire superior right pulmonary vein"/>
    </coding>
  </bodySite>
  <method>
    <coding>
      <system value="http://snomed.info/sct"/>
      <code value="278292003"/>
      <display value="Ultrasound imaging"/>
    </coding>
  </method>
</Observation>