<?xml version="1.0" encoding="UTF-8"?>

<Observation xmlns="http://hl7.org/fhir">
  <id value="rapressure"/>
  <meta>
    <profile value="http://ns.electronichealth.net.au/ci/fhir/StructureDefinition/observation-otherdiag-atomic-1"/>
  </meta>
  <text>
    <status value="generated"/><div xmlns="http://www.w3.org/1999/xhtml"><p><b>Generated Narrative</b></p><p></p><p><b>category</b>: <span title="Codes: {http://terminology.hl7.org/CodeSystem/observation-category imaging}">Imaging</span>, <span title="Codes: {http://terminology.hl7.org/CodeSystem/v2-0074 CUS}">Cardiac Ultrasound</span></p><p><b>code</b>: <span title="Codes: {http://loinc.org 60998-2}, {http://snomed.info/sct 276755008}">RA pressure</span></p><p><b>subject</b>: <a href="Patient-995138d0-b8bc-4bd9-b49d-d2d025d39ae7.html">Generated Summary: IHI: 8003608000228437, Medicare Number: 29533070311, Medical Record Number: 2338172; Wei Zhang ; gender: male; birthDate: 1969-05-03</a></p><p><b>effective</b>: 6 Jan 2019, 9:45:00 am</p><p><b>performer</b>: <a href="PractitionerRole-04ac8978-bc60-4492-aa07-f62568ebe5c6.html">Generated Summary: HPI-I: 8003616566708106, Employee Number: NSW31u32-401; <span title="Codes: {http://snomed.info/sct 1012861000168100}">Sonographer</span></a></p><p><b>value</b>: 3 mmHg</p><p><b>bodySite</b>: <span title="Codes: {http://snomed.info/sct 73829009}">Right atrial structure</span></p><p><b>method</b>: <span title="Codes: {http://snomed.info/sct 278292003}">Ultrasound imaging</span></p></div>
  </text>
  <status value="final"/>
  <category>
    <coding>
      <system value="http://terminology.hl7.org/CodeSystem/observation-category"/>
      <code value="imaging"/>
    </coding>
  </category>
  <category>
    <coding>
      <system value="http://terminology.hl7.org/CodeSystem/v2-0074"/>
      <code value="CUS"/>
      <display value="Cardiac Ultrasound"/>
    </coding>
  </category>
  <code>
    <coding>
      <system value="http://loinc.org"/>
      <code value="60998-2"/>
      <display value="Right atrial pressure Systolic"/>
    </coding>
    <coding>
      <system value="http://snomed.info/sct"/>
      <code value="276755008"/>
    </coding>
    <text value="RA pressure"/>
  </code>
  <subject>
    <reference value="Patient/995138d0-b8bc-4bd9-b49d-d2d025d39ae7"/>
  </subject>
  <effectiveDateTime value="2019-01-06T09:45:00+10:00"/>
  <performer>
    <reference value="PractitionerRole/04ac8978-bc60-4492-aa07-f62568ebe5c6"/>
  </performer>
  <valueQuantity>
    <value value="3"/>
    <unit value="mmHg"/>
    <system value="http://unitsofmeasure.org"/>
    <code value="mm[Hg]"/>
  </valueQuantity>
  <bodySite>
    <coding>
      <system value="http://snomed.info/sct"/>
      <code value="73829009"/>
      <display value="Right atrial structure"/>
    </coding>
  </bodySite>
  <method>
    <coding>
      <system value="http://snomed.info/sct"/>
      <code value="278292003"/>
      <display value="Ultrasound imaging"/>
    </coding>
  </method>
</Observation>