<?xml version="1.0" encoding="UTF-8"?>

<Observation xmlns="http://hl7.org/fhir">
  <id value="esr"/>
  <meta>
    <profile value="http://ns.electronichealth.net.au/ci/fhir/StructureDefinition/observation-path-atomic-1"/>
  </meta>
  <text>
    <status value="generated"/><div xmlns="http://www.w3.org/1999/xhtml"><p><b>Generated Narrative</b></p><p><b>identifier</b>: Filler Identifier: 652973694</p><p><b>status</b>: preliminary</p><p><b>category</b>: <span title="Codes: {http://terminology.hl7.org/CodeSystem/v2-0074 HM}">Hematology</span>, <span title="Codes: {http://terminology.hl7.org/CodeSystem/observation-category laboratory}">Laboratory</span></p><p><b>code</b>: <span title="Codes: {http://loinc.org 30341-2}">ESR</span></p><p><b>subject</b>: <a href="Patient-p2p-anne-thompson.html">Generated Summary: Medicare Number: 6951449601; Mrs. Anne Thompson(OFFICIAL); Phone: 0491 572 665; gender: female; birthDate: 1978-10-11</a></p><p><b>effective</b>: 13/07/2016 10:30:10 AM</p><p><b>issued</b>: 13/07/2016 11:45:33 AM</p><p><b>performer</b>: </p><ul><li><a href="PractitionerRole-f3e381b5-673e-4941-900c-03d1043604a6.html">Generated Summary: HPI-I: 8003614900041243, Employee Number: RBRLSNSW765301; <span title="Codes: {http://snomed.info/sct 40204001}">Haematologist</span></a></li><li><a href="Organization-d9b1a051-034c-4c11-a504-8d75d72bf4ec.html">Generated Summary: NATA Accreditation Number: 100201, ABN: 41824753000; <span title="Codes: {http://www.abs.gov.au/ausstats/abs@.nsf/mf/1292.0 8520}">Pathology Laboratory</span>; name: Randwick Laboratories Sydney; Phone: (02) 5550 8994</a></li></ul><p><b>value</b>: 5 mm/Hr</p><h3>ReferenceRanges</h3><table class="grid"><tr><td>-</td><td><b>Low</b></td><td><b>High</b></td></tr><tr><td>*</td><td>0 mm/Hr</td><td>10 mm/Hr</td></tr></table></div>
  </text>
  <identifier>
    <type>
      <coding>
        <system value="http://terminology.hl7.org/CodeSystem/v2-0203"/>
        <code value="FILL"/>
        <display value="Filler Identifier"/>
      </coding>
    </type>
    <system value="http://randwicklabs.example.com/labnum/1.0.2"/>
    <value value="652973694"/>
  </identifier>
  <status value="preliminary"/>
  <category>
    <coding>
      <system value="http://terminology.hl7.org/CodeSystem/v2-0074"/>
      <code value="HM"/>
      <display value="Hematology"/>
    </coding>
  </category>
  <category>
    <coding>
      <system value="http://terminology.hl7.org/CodeSystem/observation-category"/>
      <code value="laboratory"/>
    </coding>
  </category>
  <code>
    <coding>
      <system value="http://loinc.org"/>
      <code value="30341-2"/>
      <display value="Erythrocyte sedimentation rate"/>
    </coding>
    <text value="ESR"/>
  </code>
  <subject>
    <reference value="Patient/p2p-anne-thompson"/>
  </subject>
  <effectiveDateTime value="2016-07-13T10:30:10+10:00"/>
  <issued value="2016-07-13T11:45:33+10:00"/>
  <performer>
    <reference value="PractitionerRole/f3e381b5-673e-4941-900c-03d1043604a6"/>
  </performer>
  <performer>
    <reference value="Organization/d9b1a051-034c-4c11-a504-8d75d72bf4ec"/>
  </performer>
  <valueQuantity>
    <value value="5"/>
    <unit value="mm/Hr"/>
    <system value="http://unitsofmeasure.org"/>
    <code value="mm/h"/>
  </valueQuantity>
  <referenceRange>
    <low>
      <value value="0"/>
      <unit value="mm/Hr"/>
      <system value="http://unitsofmeasure.org"/>
      <code value="mm/h"/>
    </low>
    <high>
      <value value="10"/>
      <unit value="mm/Hr"/>
      <system value="http://unitsofmeasure.org"/>
      <code value="mm/h"/>
    </high>
  </referenceRange>
</Observation>