<?xml version="1.0" encoding="UTF-8"?>

<PractitionerRole xmlns="http://hl7.org/fhir">
  <id value="cb084861-dd87-48ff-b645-5cb620a00e8e"/>
  <meta>
    <versionId value="1.0.1.0"/>
    <profile value="http://ns.electronichealth.net.au/ci/fhir/StructureDefinition/practitionerrole-ident-1"/>
  </meta>
  <text>
    <status value="generated"/><div xmlns="http://www.w3.org/1999/xhtml"><p><b>Generated Narrative</b></p><p><b>identifier</b>: Employee Number: 123113, HPI-I: 8003614900041243</p><p><b>practitioner</b>: <span>Dr David George</span></p><p><b>organization</b>: <span>Fred Hope Cancer Centre</span></p><p><b>code</b>: <span title="Codes: {http://snomed.info/sct 309295000}">Oncologist</span></p></div>
  </text>
  <identifier>
    <type>
      <coding>
        <system value="http://terminology.hl7.org/CodeSystem/v2-0203"/>
        <code value="EI"/>
        <display value="Employee number"/>
      </coding>
      <text value="Employee Number"/>
    </type>
    <system value="http://www.health.nsw.example.org/nsw-hospital/fred-hope"/>
    <value value="123113"/>
    <assigner>
      <display value="Fred Hope Cancer Centre"/>
    </assigner>
  </identifier>
  <identifier>
    <type>
      <coding>
        <system value="http://terminology.hl7.org/CodeSystem/v2-0203"/>
        <code value="NPI"/>
        <display value="National provider identifier"/>
      </coding>
      <text value="HPI-I"/>
    </type>
    <system value="http://ns.electronichealth.net.au/id/hi/hpii/1.0"/>
    <value value="8003614900041243"/>
  </identifier>
  <practitioner>
    <display value="Dr David George"/>
  </practitioner>
  <organization>
    <display value="Fred Hope Cancer Centre"/>
  </organization>
  <code>
    <coding>
      <system value="http://snomed.info/sct"/>
      <code value="309295000"/>
    </coding>
    <text value="Oncologist"/>
  </code>
</PractitionerRole>