<?xml version="1.0" encoding="UTF-8"?>

<PractitionerRole xmlns="http://hl7.org/fhir">
  <id value="46d552b7-88a9-427b-9d62-8b0727de91f9"/>
  <meta>
    <versionId value="2020-1.1.2Q3"/>
    <profile value="http://ns.electronichealth.net.au/ci/fhir/StructureDefinition/practitionerrole-identified-1"/>
  </meta>
  <text>
    <status value="generated"/><div xmlns="http://www.w3.org/1999/xhtml">
            <h3>Dr Fredrika Bremer</h3>
            <p>Cardiologist</p>
            <p>NSW Hospital - Cardiology</p>
            <table>
                <tr>
                    <td>HPI-I</td>
                    <td>8003608833357361</td>
                </tr>
                <tr>
                    <td>Employee Id.</td>
                    <td>NSW31u32-441</td>
                </tr>
                <tr>
                    <td>Phone</td>
                    <td>(02) 5550 4111</td>
                </tr>
            </table>
        </div>
  </text>
  <identifier>
    <type>
      <coding>
        <system value="http://terminology.hl7.org/CodeSystem/v2-0203"/>
        <code value="NPI"/>
        <display value="National provider identifier"/>
      </coding>
      <text value="HPI-I"/>
    </type>
    <system value="http://ns.electronichealth.net.au/id/hi/hpii/1.0"/>
    <value value="8003608833357361"/>
  </identifier>
  <identifier>
    <type>
      <coding>
        <system value="http://terminology.hl7.org/CodeSystem/v2-0203"/>
        <code value="EI"/>
        <display value="Employee number"/>
      </coding>
      <text value="Employee Number"/>
    </type>
  <!-- Invalid ABN format that passes profile validation used as the fictitious ABN to avoid introducing ambiguity with real world organisations -->
    <system value="http://ns.electronichealth.net.au/id/abn-scoped/service-provider-individual/1.0/41824753557"/>
    <value value="NSW31u32-441"/>
    <assigner>
      <display value="NSW Hospital"/>
    </assigner>
  </identifier>
  <practitioner>
    <reference value="Practitioner/d68312c9-b122-4fe5-8e3c-f550bd989f4b"/>
    <display value="Dr Fredrika Bremer"/>
  </practitioner>
  <organization>
    <reference value="Organization/nsw-hospital"/>
    <display value="NSW Hospital - Cardiology"/>
  </organization>
  <code>
    <coding>
      <system value="http://snomed.info/sct"/>
      <code value="17561000"/>
      <display value="Cardiologist"/>
    </coding>
    <text value="Cardiologist"/>
  </code>
</PractitionerRole>