{
  "resourceType": "ImplementationGuide",
  "id": "implementationguide-diagnosticreport-1",
  "text": {
    "status": "extensions",
    "div": "<div xmlns=\"http://www.w3.org/1999/xhtml\"><h2>DiagnosticReport</h2><p>The official URL for this implementation guide is: </p><pre>http://ns.electronichealth.net.au/ci/fhir/4.0/ImplementationGuide/implementationguide-diagnosticreport-1</pre><div><p>This implementation guide is an HL7™ FHIR® specification to represent a Diagnostic Report (DR).</p>\n<p>The primary aim of this implementation guide is to support implementing DR in FHIR, Release 4 (v4.0.1). The resulting FHIR can be used for the electronic exchange of DR information between healthcare providers.</p>\n<p>This implementation guide is not to be used as a guide to presentation (or rendering) of the data. It contains no information as to how the data described by it should be displayed and no such guidance should be inferred.</p>\n<p>This implementation guide does not describe transport or persistence mechanism of the resources described by it.</p>\n</div></div>"
  },
  "url": "http://ns.electronichealth.net.au/ci/fhir/4.0/ImplementationGuide/implementationguide-diagnosticreport-1",
  "version": "1.0.0",
  "name": "DiagnosticReport",
  "title": "Diagnostic Report",
  "status": "draft",
  "experimental": true,
  "date": "2021-02-02T15:16:08+10:00",
  "publisher": "Australian Digital Health Agency",
  "contact": [
    {
      "telecom": [
        {
          "system": "email",
          "value": "help@digitalhealth.gov.au"
        }
      ]
    }
  ],
  "description": "This implementation guide is an HL7™ FHIR® specification to represent a Diagnostic Report (DR).\n \nThe primary aim of this implementation guide is to support implementing DR in FHIR, Release 4 (v4.0.1). The resulting FHIR can be used for the electronic exchange of DR information between healthcare providers.\n \nThis implementation guide is not to be used as a guide to presentation (or rendering) of the data. It contains no information as to how the data described by it should be displayed and no such guidance should be inferred.\n \nThis implementation guide does not describe transport or persistence mechanism of the resources described by it.",
  "copyright": "Copyright © 2021 Australian Digital Health Agency - All rights reserved. This content is licensed under a Creative Commons Attribution 4.0 International License. See https://creativecommons.org/licenses/by/4.0/.",
  "packageId": "au.electronichealth.diagnosticreport",
  "license": "Apache-2.0",
  "fhirVersion": [
    "4.0.1"
  ],
  "dependsOn": [
    {
      "id": "aubaser4",
      "uri": "http://hl7.org.au/fhir/base",
      "packageId": "hl7.fhir.au.base",
      "version": "current"
    }
  ],
  "definition": {
    "resource": [
      {
        "extension": [
          {
            "url": "http://hl7.org/fhir/tools/StructureDefinition/resource-information",
            "valueString": "StructureDefinition:resource"
          }
        ],
        "reference": {
          "reference": "StructureDefinition/organization-ident-1"
        },
        "name": "Organization with Mandatory Identifier",
        "exampleBoolean": false
      },
      {
        "extension": [
          {
            "url": "http://hl7.org/fhir/tools/StructureDefinition/resource-information",
            "valueString": "StructureDefinition:resource"
          }
        ],
        "reference": {
          "reference": "StructureDefinition/practitionerrole-ident-1"
        },
        "name": "PractitionerRole with Mandatory Identifier",
        "exampleBoolean": false
      },
      {
        "extension": [
          {
            "url": "http://hl7.org/fhir/tools/StructureDefinition/resource-information",
            "valueString": "StructureDefinition:resource"
          }
        ],
        "reference": {
          "reference": "StructureDefinition/patient-mhr-1"
        },
        "name": "patient-mhr-1",
        "exampleBoolean": false
      },
      {
        "extension": [
          {
            "url": "http://hl7.org/fhir/tools/StructureDefinition/resource-information",
            "valueString": "StructureDefinition:resource"
          }
        ],
        "reference": {
          "reference": "StructureDefinition/patient-ident-1"
        },
        "name": "Patient with Mandatory Identifier",
        "exampleBoolean": false
      },
      {
        "extension": [
          {
            "url": "http://hl7.org/fhir/tools/StructureDefinition/resource-information",
            "valueString": "StructureDefinition:resource"
          }
        ],
        "reference": {
          "reference": "StructureDefinition/patient-identified-1"
        },
        "name": "Identified Patient",
        "exampleBoolean": false
      },
      {
        "extension": [
          {
            "url": "http://hl7.org/fhir/tools/StructureDefinition/resource-information",
            "valueString": "StructureDefinition:resource"
          }
        ],
        "reference": {
          "reference": "StructureDefinition/servicerequest-path-report-1"
        },
        "name": "servicerequest-path-report-1",
        "exampleBoolean": false
      },
      {
        "extension": [
          {
            "url": "http://hl7.org/fhir/tools/StructureDefinition/resource-information",
            "valueString": "StructureDefinition:resource"
          }
        ],
        "reference": {
          "reference": "StructureDefinition/diagnosticreport-imag-atomic-1"
        },
        "name": "diagnosticreport-imag-atomic-1",
        "exampleBoolean": false
      },
      {
        "extension": [
          {
            "url": "http://hl7.org/fhir/tools/StructureDefinition/resource-information",
            "valueString": "StructureDefinition:resource"
          }
        ],
        "reference": {
          "reference": "StructureDefinition/diagnosticreport-imag-mhr-1"
        },
        "name": "diagnosticreport-imag-mhr-1",
        "exampleBoolean": false
      },
      {
        "extension": [
          {
            "url": "http://hl7.org/fhir/tools/StructureDefinition/resource-information",
            "valueString": "StructureDefinition:resource"
          }
        ],
        "reference": {
          "reference": "StructureDefinition/diagnosticreport-path-atomic-1"
        },
        "name": "diagnosticreport-path-atomic-1",
        "exampleBoolean": false
      },
      {
        "extension": [
          {
            "url": "http://hl7.org/fhir/tools/StructureDefinition/resource-information",
            "valueString": "StructureDefinition:resource"
          }
        ],
        "reference": {
          "reference": "StructureDefinition/diagnosticreport-path-mhr-1"
        },
        "name": "diagnosticreport-path-mhr-1",
        "exampleBoolean": false
      },
      {
        "extension": [
          {
            "url": "http://hl7.org/fhir/tools/StructureDefinition/resource-information",
            "valueString": "StructureDefinition:resource"
          }
        ],
        "reference": {
          "reference": "StructureDefinition/diagnosticreport-otherdiag-mhr-1"
        },
        "name": "diagnosticreport-otherdiag-mhr-1",
        "exampleBoolean": false
      },
      {
        "extension": [
          {
            "url": "http://hl7.org/fhir/tools/StructureDefinition/resource-information",
            "valueString": "StructureDefinition:resource"
          }
        ],
        "reference": {
          "reference": "StructureDefinition/diagnosticreport-otherdiag-atomic-1"
        },
        "name": "diagnosticreport-otherdiag-atomic-1",
        "exampleBoolean": false
      },
      {
        "extension": [
          {
            "url": "http://hl7.org/fhir/tools/StructureDefinition/resource-information",
            "valueString": "StructureDefinition:resource"
          }
        ],
        "reference": {
          "reference": "StructureDefinition/organization-identified-1"
        },
        "name": "Identified Organization",
        "exampleBoolean": false
      },
      {
        "extension": [
          {
            "url": "http://hl7.org/fhir/tools/StructureDefinition/resource-information",
            "valueString": "StructureDefinition:resource"
          }
        ],
        "reference": {
          "reference": "StructureDefinition/relatedperson-identified-1"
        },
        "name": "Identified RelatedPerson",
        "exampleBoolean": false
      },
      {
        "extension": [
          {
            "url": "http://hl7.org/fhir/tools/StructureDefinition/resource-information",
            "valueString": "StructureDefinition:resource"
          }
        ],
        "reference": {
          "reference": "StructureDefinition/observation-path-simple-1"
        },
        "name": "Simple Pathology Observation",
        "exampleBoolean": false
      },
      {
        "extension": [
          {
            "url": "http://hl7.org/fhir/tools/StructureDefinition/resource-information",
            "valueString": "StructureDefinition:resource"
          }
        ],
        "reference": {
          "reference": "StructureDefinition/composition-pathreport-1"
        },
        "name": "Pathology Report",
        "exampleBoolean": false
      },
      {
        "extension": [
          {
            "url": "http://hl7.org/fhir/tools/StructureDefinition/resource-information",
            "valueString": "StructureDefinition:resource"
          }
        ],
        "reference": {
          "reference": "StructureDefinition/specimen-collect-1"
        },
        "name": "Collected Specimen",
        "exampleBoolean": false
      },
      {
        "extension": [
          {
            "url": "http://hl7.org/fhir/tools/StructureDefinition/resource-information",
            "valueString": "StructureDefinition:resource"
          }
        ],
        "reference": {
          "reference": "StructureDefinition/observation-path-atomic-1"
        },
        "name": "Atomic Pathology Observation",
        "exampleBoolean": false
      },
      {
        "extension": [
          {
            "url": "http://hl7.org/fhir/tools/StructureDefinition/resource-information",
            "valueString": "StructureDefinition:resource"
          }
        ],
        "reference": {
          "reference": "StructureDefinition/observation-otherdiag-simple-1"
        },
        "name": "Simple Other Diagnostic Observation",
        "exampleBoolean": false
      },
      {
        "extension": [
          {
            "url": "http://hl7.org/fhir/tools/StructureDefinition/resource-information",
            "valueString": "StructureDefinition:resource"
          }
        ],
        "reference": {
          "reference": "StructureDefinition/observation-otherdiag-atomic-1"
        },
        "name": "Atomic Other Diagnostic Observation",
        "exampleBoolean": false
      },
      {
        "extension": [
          {
            "url": "http://hl7.org/fhir/tools/StructureDefinition/resource-information",
            "valueString": "StructureDefinition:resource"
          }
        ],
        "reference": {
          "reference": "StructureDefinition/observation-imag-atomic-1"
        },
        "name": "Atomic Imaging Observation"
      },
      {
        "extension": [
          {
            "url": "http://hl7.org/fhir/tools/StructureDefinition/resource-information",
            "valueString": "StructureDefinition:resource"
          }
        ],
        "reference": {
          "reference": "StructureDefinition/composition-otherdiagreport-1"
        },
        "name": "Other Diagnostic Report",
        "exampleBoolean": false
      },
      {
        "extension": [
          {
            "url": "http://hl7.org/fhir/tools/StructureDefinition/resource-information",
            "valueString": "StructureDefinition:resource"
          }
        ],
        "reference": {
          "reference": "StructureDefinition/servicerequest-diag-report-1"
        },
        "name": "Order Details for Diagnostic Report",
        "exampleBoolean": false
      },
      {
        "extension": [
          {
            "url": "http://hl7.org/fhir/tools/StructureDefinition/resource-information",
            "valueString": "StructureDefinition:resource"
          }
        ],
        "reference": {
          "reference": "StructureDefinition/composition-imagreport-1"
        },
        "name": "Diagnostic Imaging Report",
        "exampleBoolean": false
      },
      {
        "extension": [
          {
            "url": "http://hl7.org/fhir/tools/StructureDefinition/resource-information",
            "valueString": "StructureDefinition:resource"
          }
        ],
        "reference": {
          "reference": "StructureDefinition/observation-imag-simple-1"
        },
        "name": "Simple Imaging Observation",
        "exampleBoolean": false
      },
      {
        "extension": [
          {
            "url": "http://hl7.org/fhir/tools/StructureDefinition/resource-information",
            "valueString": "StructureDefinition:resource"
          }
        ],
        "reference": {
          "reference": "StructureDefinition/servicerequest-imag-report-1"
        },
        "name": "Order Details for Diagnostic Imaging Report",
        "exampleBoolean": false
      },
      {
        "extension": [
          {
            "url": "http://hl7.org/fhir/tools/StructureDefinition/resource-information",
            "valueString": "StructureDefinition:resource"
          }
        ],
        "reference": {
          "reference": "StructureDefinition/bodystructure-dh-base-1"
        },
        "name": "Base BodyStructure",
        "exampleBoolean": false
      },
      {
        "extension": [
          {
            "url": "http://hl7.org/fhir/tools/StructureDefinition/resource-information",
            "valueString": "StructureDefinition:resource"
          }
        ],
        "reference": {
          "reference": "StructureDefinition/imagingstudy-diag-1"
        },
        "name": "ImagingStudy (Diagnostic Imaging Study)",
        "exampleBoolean": false
      },
      {
        "extension": [
          {
            "url": "http://hl7.org/fhir/tools/StructureDefinition/resource-information",
            "valueString": "StructureDefinition:resource"
          }
        ],
        "reference": {
          "reference": "StructureDefinition/practitionerrole-dh-base-1"
        },
        "name": "Base PractitionerRole",
        "exampleBoolean": false
      },
      {
        "extension": [
          {
            "url": "http://hl7.org/fhir/tools/StructureDefinition/resource-information",
            "valueString": "StructureDefinition:resource"
          }
        ],
        "reference": {
          "reference": "StructureDefinition/practitioner-dh-base-1"
        },
        "name": "Base Practitioner",
        "exampleBoolean": false
      },
      {
        "extension": [
          {
            "url": "http://hl7.org/fhir/tools/StructureDefinition/resource-information",
            "valueString": "Bundle"
          }
        ],
        "reference": {
          "reference": "Bundle/559b66ea-abbf-45fb-8627-554817830095"
        },
        "name": "2019 Novel Coronavirus PCR (MHR)(Bundle)",
        "exampleCanonical": "http://ns.electronichealth.net.au/ci/fhir/StructureDefinition/diagnosticreport-path-mhr-1"
      },
      {
        "extension": [
          {
            "url": "http://hl7.org/fhir/tools/StructureDefinition/resource-information",
            "valueString": "Bundle"
          }
        ],
        "reference": {
          "reference": "Bundle/b317aa04-131c-49d1-b9bc-48ff94876834"
        },
        "name": "2019-Novel Coronavirus PCR (P2P)(Bundle)",
        "exampleCanonical": "http://ns.electronichealth.net.au/ci/fhir/StructureDefinition/diagnosticreport-path-atomic-1"
      },
      {
        "extension": [
          {
            "url": "http://hl7.org/fhir/tools/StructureDefinition/resource-information",
            "valueString": "Bundle"
          }
        ],
        "reference": {
          "reference": "Bundle/b49df1b2-b717-4d81-a140-7f16a334999b"
        },
        "name": "FBC 2016-07-13 (MHR)(Bundle)",
        "exampleCanonical": "http://ns.electronichealth.net.au/ci/fhir/4.0/StructureDefinition/composition-pathreport-1"
      },
      {
        "extension": [
          {
            "url": "http://hl7.org/fhir/tools/StructureDefinition/resource-information",
            "valueString": "DiagnosticReport"
          }
        ],
        "reference": {
          "reference": "DiagnosticReport/fbc"
        },
        "name": "FBC 2016-07-13 (Atomic)(referenced)",
        "exampleCanonical": "http://ns.electronichealth.net.au/ci/fhir/StructureDefinition/diagnosticreport-path-atomic-1"
      },
      {
        "extension": [
          {
            "url": "http://hl7.org/fhir/tools/StructureDefinition/resource-information",
            "valueString": "Observation"
          }
        ],
        "reference": {
          "reference": "Observation/esr"
        },
        "name": "ESR 2016-07-13 (Atomic)(referenced)",
        "exampleCanonical": "http://ns.electronichealth.net.au/ci/fhir/StructureDefinition/observation-path-atomic-1"
      },
      {
        "extension": [
          {
            "url": "http://hl7.org/fhir/tools/StructureDefinition/resource-information",
            "valueString": "Observation"
          }
        ],
        "reference": {
          "reference": "Observation/fbc"
        },
        "name": "FBC 2016-07-13 (Atomic)(referenced)",
        "exampleCanonical": "http://ns.electronichealth.net.au/ci/fhir/StructureDefinition/observation-path-atomic-1"
      },
      {
        "extension": [
          {
            "url": "http://hl7.org/fhir/tools/StructureDefinition/resource-information",
            "valueString": "Observation"
          }
        ],
        "reference": {
          "reference": "Observation/basophils"
        },
        "name": "Basophils (Atomic)(referenced)",
        "exampleCanonical": "http://ns.electronichealth.net.au/ci/fhir/StructureDefinition/observation-path-atomic-1"
      },
      {
        "extension": [
          {
            "url": "http://hl7.org/fhir/tools/StructureDefinition/resource-information",
            "valueString": "Observation"
          }
        ],
        "reference": {
          "reference": "Observation/eosinophils"
        },
        "name": "Eosinophils (Atomic)(referenced)",
        "exampleCanonical": "http://ns.electronichealth.net.au/ci/fhir/StructureDefinition/observation-path-atomic-1"
      },
      {
        "extension": [
          {
            "url": "http://hl7.org/fhir/tools/StructureDefinition/resource-information",
            "valueString": "Observation"
          }
        ],
        "reference": {
          "reference": "Observation/haematocrit"
        },
        "name": "Haematocrit (Atomic)(referenced)",
        "exampleCanonical": "http://ns.electronichealth.net.au/ci/fhir/StructureDefinition/observation-path-atomic-1"
      },
      {
        "extension": [
          {
            "url": "http://hl7.org/fhir/tools/StructureDefinition/resource-information",
            "valueString": "Observation"
          }
        ],
        "reference": {
          "reference": "Observation/haemoglobin"
        },
        "name": "Haemoglobin (Atomic)(referenced)",
        "exampleCanonical": "http://ns.electronichealth.net.au/ci/fhir/StructureDefinition/observation-path-atomic-1"
      },
      {
        "extension": [
          {
            "url": "http://hl7.org/fhir/tools/StructureDefinition/resource-information",
            "valueString": "Observation"
          }
        ],
        "reference": {
          "reference": "Observation/lymphocytes"
        },
        "name": "Lymphocytes (Atomic)(referenced)",
        "exampleCanonical": "http://ns.electronichealth.net.au/ci/fhir/StructureDefinition/observation-path-atomic-1"
      },
      {
        "extension": [
          {
            "url": "http://hl7.org/fhir/tools/StructureDefinition/resource-information",
            "valueString": "Observation"
          }
        ],
        "reference": {
          "reference": "Observation/mchc"
        },
        "name": "MCHC (Atomic)(referenced)",
        "exampleCanonical": "http://ns.electronichealth.net.au/ci/fhir/StructureDefinition/observation-path-atomic-1"
      },
      {
        "extension": [
          {
            "url": "http://hl7.org/fhir/tools/StructureDefinition/resource-information",
            "valueString": "Observation"
          }
        ],
        "reference": {
          "reference": "Observation/meancellhaemoglobin"
        },
        "name": "Mean Cell Haemoglobin (Atomic)(referenced)",
        "exampleCanonical": "http://ns.electronichealth.net.au/ci/fhir/StructureDefinition/observation-path-atomic-1"
      },
      {
        "extension": [
          {
            "url": "http://hl7.org/fhir/tools/StructureDefinition/resource-information",
            "valueString": "Observation"
          }
        ],
        "reference": {
          "reference": "Observation/meancellvolume"
        },
        "name": "Mean Cell Volume (Atomic)(referenced)",
        "exampleCanonical": "http://ns.electronichealth.net.au/ci/fhir/StructureDefinition/observation-path-atomic-1"
      },
      {
        "extension": [
          {
            "url": "http://hl7.org/fhir/tools/StructureDefinition/resource-information",
            "valueString": "Observation"
          }
        ],
        "reference": {
          "reference": "Observation/monocytes"
        },
        "name": "Monocytes (Atomic)(referenced)",
        "exampleCanonical": "http://ns.electronichealth.net.au/ci/fhir/StructureDefinition/observation-path-atomic-1"
      },
      {
        "extension": [
          {
            "url": "http://hl7.org/fhir/tools/StructureDefinition/resource-information",
            "valueString": "Observation"
          }
        ],
        "reference": {
          "reference": "Observation/neutrophils"
        },
        "name": "Neutrophils (Atomic)(referenced)",
        "exampleCanonical": "http://ns.electronichealth.net.au/ci/fhir/StructureDefinition/observation-path-atomic-1"
      },
      {
        "extension": [
          {
            "url": "http://hl7.org/fhir/tools/StructureDefinition/resource-information",
            "valueString": "Observation"
          }
        ],
        "reference": {
          "reference": "Observation/plateletcount"
        },
        "name": "Platelet Count (referenced)",
        "exampleCanonical": "http://ns.electronichealth.net.au/ci/fhir/StructureDefinition/observation-path-atomic-1"
      },
      {
        "extension": [
          {
            "url": "http://hl7.org/fhir/tools/StructureDefinition/resource-information",
            "valueString": "Observation"
          }
        ],
        "reference": {
          "reference": "Observation/redcellcount"
        },
        "name": "Red Cell Count (Atomic)(referenced)",
        "exampleCanonical": "http://ns.electronichealth.net.au/ci/fhir/StructureDefinition/observation-path-atomic-1"
      },
      {
        "extension": [
          {
            "url": "http://hl7.org/fhir/tools/StructureDefinition/resource-information",
            "valueString": "Observation"
          }
        ],
        "reference": {
          "reference": "Observation/whitecellcount"
        },
        "name": "White Cell Count (Atomic)(referenced)",
        "exampleCanonical": "http://ns.electronichealth.net.au/ci/fhir/StructureDefinition/observation-path-atomic-1"
      },
      {
        "extension": [
          {
            "url": "http://hl7.org/fhir/tools/StructureDefinition/resource-information",
            "valueString": "ServiceRequest"
          }
        ],
        "reference": {
          "reference": "ServiceRequest/order-fbc"
        },
        "name": "FBC Order (referenced)",
        "exampleCanonical": "http://ns.electronichealth.net.au/ci/fhir/4.0/StructureDefinition/servicerequest-path-report-1"
      },
      {
        "extension": [
          {
            "url": "http://hl7.org/fhir/tools/StructureDefinition/resource-information",
            "valueString": "Patient"
          }
        ],
        "reference": {
          "reference": "Patient/p2p-anne-thompson"
        },
        "name": "Anne Thomposon (P2P)(referenced)",
        "exampleCanonical": "http://ns.electronichealth.net.au/ci/fhir/StructureDefinition/patient-ident-1"
      },
      {
        "extension": [
          {
            "url": "http://hl7.org/fhir/tools/StructureDefinition/resource-information",
            "valueString": "PractitionerRole"
          }
        ],
        "reference": {
          "reference": "PractitionerRole/nsw-gp"
        },
        "name": "Dr Sarah Bondiali (General Practitioner)(referenced)",
        "exampleCanonical": "http://ns.electronichealth.net.au/ci/fhir/StructureDefinition/practitionerrole-ident-1"
      },
      {
        "extension": [
          {
            "url": "http://hl7.org/fhir/tools/StructureDefinition/resource-information",
            "valueString": "PractitionerRole"
          }
        ],
        "reference": {
          "reference": "PractitionerRole/f3e381b5-673e-4941-900c-03d1043604a6"
        },
        "name": "Dr. Robert Brown (Haematologist)(referenced)",
        "exampleCanonical": "http://ns.electronichealth.net.au/ci/fhir/StructureDefinition/practitionerrole-ident-1"
      },
      {
        "extension": [
          {
            "url": "http://hl7.org/fhir/tools/StructureDefinition/resource-information",
            "valueString": "Practitioner"
          }
        ],
        "reference": {
          "reference": "Practitioner/f8500c29-796d-480c-b2ac-6ef09d67a669"
        },
        "name": "Dr. Robert Brown (referenced)",
        "exampleCanonical": "http://ns.electronichealth.net.au/ci/fhir/StructureDefinition/practitioner-dh-base-1"
      },
      {
        "extension": [
          {
            "url": "http://hl7.org/fhir/tools/StructureDefinition/resource-information",
            "valueString": "Organization"
          }
        ],
        "reference": {
          "reference": "Organization/d9b1a051-034c-4c11-a504-8d75d72bf4ec"
        },
        "name": "Randwick Laboratories (referenced)",
        "exampleCanonical": "http://ns.electronichealth.net.au/ci/fhir/StructureDefinition/organization-ident-1"
      },
      {
        "extension": [
          {
            "url": "http://hl7.org/fhir/tools/StructureDefinition/resource-information",
            "valueString": "Bundle"
          }
        ],
        "reference": {
          "reference": "Bundle/94f75158-f8b9-4c08-b96e-4306580c2add"
        },
        "name": "Echocardiography - pre-chemo (MHR)",
        "exampleCanonical": "http://ns.electronichealth.net.au/ci/fhir/4.0/StructureDefinition/composition-otherdiagreport-1"
      },
      {
        "extension": [
          {
            "url": "http://hl7.org/fhir/tools/StructureDefinition/resource-information",
            "valueString": "Bundle"
          }
        ],
        "reference": {
          "reference": "Bundle/0e2357c2-1317-40db-857a-b7162ec3dda8"
        },
        "name": "Echocardiography - pre-chemo (Atomic)",
        "exampleCanonical": "http://ns.electronichealth.net.au/ci/fhir/StructureDefinition/diagnosticreport-otherdiag-atomic-1"
      },
      {
        "extension": [
          {
            "url": "http://hl7.org/fhir/tools/StructureDefinition/resource-information",
            "valueString": "DiagnosticReport"
          }
        ],
        "reference": {
          "reference": "DiagnosticReport/echocardio-pre-chemo-atomic"
        },
        "name": "Echocardiography - pre-chemo (Atomic)",
        "exampleCanonical": "http://ns.electronichealth.net.au/ci/fhir/StructureDefinition/diagnosticreport-otherdiag-atomic-1"
      },
      {
        "extension": [
          {
            "url": "http://hl7.org/fhir/tools/StructureDefinition/resource-information",
            "valueString": "ServiceRequest"
          }
        ],
        "reference": {
          "reference": "ServiceRequest/edbc04cd-3387-435c-bda7-6e1a837b2590"
        },
        "name": "Echocardiography order",
        "exampleCanonical": "http://ns.electronichealth.net.au/ci/fhir/StructureDefinition/servicerequest-diag-report-1"
      },
      {
        "extension": [
          {
            "url": "http://hl7.org/fhir/tools/StructureDefinition/resource-information",
            "valueString": "Observation"
          }
        ],
        "reference": {
          "reference": "Observation/echocardiography"
        },
        "name": "Echocardiography - pre-chemo (Atomic)",
        "exampleCanonical": "http://ns.electronichealth.net.au/ci/fhir/StructureDefinition/observation-otherdiag-atomic-1"
      },
      {
        "extension": [
          {
            "url": "http://hl7.org/fhir/tools/StructureDefinition/resource-information",
            "valueString": "ImagingStudy"
          }
        ],
        "reference": {
          "reference": "ImagingStudy/echodicom-for-report"
        },
        "name": "Echocardiography - pre-chemo (Atomic)",
        "exampleCanonical": "http://ns.electronichealth.net.au/ci/fhir/4.0/StructureDefinition/imagingstudy-diag-1"
      },
      {
        "extension": [
          {
            "url": "http://hl7.org/fhir/tools/StructureDefinition/resource-information",
            "valueString": "Observation"
          }
        ],
        "reference": {
          "reference": "Observation/leftventricle-structure"
        },
        "name": "Echocardiography - Left ventricle 2D (Atomic)",
        "exampleCanonical": "http://ns.electronichealth.net.au/ci/fhir/StructureDefinition/observation-otherdiag-atomic-1"
      },
      {
        "extension": [
          {
            "url": "http://hl7.org/fhir/tools/StructureDefinition/resource-information",
            "valueString": "Observation"
          }
        ],
        "reference": {
          "reference": "Observation/ivsd"
        },
        "name": "Echocardiography - IVS d (Atomic)",
        "exampleCanonical": "http://ns.electronichealth.net.au/ci/fhir/StructureDefinition/observation-otherdiag-atomic-1"
      },
      {
        "extension": [
          {
            "url": "http://hl7.org/fhir/tools/StructureDefinition/resource-information",
            "valueString": "Observation"
          }
        ],
        "reference": {
          "reference": "Observation/lvpwd"
        },
        "name": "Echocardiography - LVPW d (Atomic)",
        "exampleCanonical": "http://ns.electronichealth.net.au/ci/fhir/StructureDefinition/observation-otherdiag-atomic-1"
      },
      {
        "extension": [
          {
            "url": "http://hl7.org/fhir/tools/StructureDefinition/resource-information",
            "valueString": "Observation"
          }
        ],
        "reference": {
          "reference": "Observation/lvidd"
        },
        "name": "Echocardiography - LVID d (Atomic)",
        "exampleCanonical": "http://ns.electronichealth.net.au/ci/fhir/StructureDefinition/observation-otherdiag-atomic-1"
      },
      {
        "extension": [
          {
            "url": "http://hl7.org/fhir/tools/StructureDefinition/resource-information",
            "valueString": "Observation"
          }
        ],
        "reference": {
          "reference": "Observation/lvids"
        },
        "name": "Echocardiography - LVID s (Atomic)",
        "exampleCanonical": "http://ns.electronichealth.net.au/ci/fhir/StructureDefinition/observation-otherdiag-atomic-1"
      },
      {
        "extension": [
          {
            "url": "http://hl7.org/fhir/tools/StructureDefinition/resource-information",
            "valueString": "Observation"
          }
        ],
        "reference": {
          "reference": "Observation/lvfs"
        },
        "name": "Echocardiography - LVFS (Atomic)",
        "exampleCanonical": "http://ns.electronichealth.net.au/ci/fhir/StructureDefinition/observation-otherdiag-atomic-1"
      },
      {
        "extension": [
          {
            "url": "http://hl7.org/fhir/tools/StructureDefinition/resource-information",
            "valueString": "Observation"
          }
        ],
        "reference": {
          "reference": "Observation/lvef2D"
        },
        "name": "Echocardiography - LVEF 2D (Atomic)",
        "exampleCanonical": "http://ns.electronichealth.net.au/ci/fhir/StructureDefinition/observation-otherdiag-atomic-1"
      },
      {
        "extension": [
          {
            "url": "http://hl7.org/fhir/tools/StructureDefinition/resource-information",
            "valueString": "Observation"
          }
        ],
        "reference": {
          "reference": "Observation/atrialarea"
        },
        "name": "Echocardiography - Atrial Areas/Volume (Atomic)",
        "exampleCanonical": "http://ns.electronichealth.net.au/ci/fhir/StructureDefinition/observation-otherdiag-atomic-1"
      },
      {
        "extension": [
          {
            "url": "http://hl7.org/fhir/tools/StructureDefinition/resource-information",
            "valueString": "Observation"
          }
        ],
        "reference": {
          "reference": "Observation/la-area"
        },
        "name": "Echocardiography - Atrial Areas/Volume (Atomic)",
        "exampleCanonical": "http://ns.electronichealth.net.au/ci/fhir/StructureDefinition/observation-otherdiag-atomic-1"
      },
      {
        "extension": [
          {
            "url": "http://hl7.org/fhir/tools/StructureDefinition/resource-information",
            "valueString": "Observation"
          }
        ],
        "reference": {
          "reference": "Observation/ra-area"
        },
        "name": "Echocardiography - Atrial Areas/Volume (Atomic)",
        "exampleCanonical": "http://ns.electronichealth.net.au/ci/fhir/StructureDefinition/observation-otherdiag-atomic-1"
      },
      {
        "extension": [
          {
            "url": "http://hl7.org/fhir/tools/StructureDefinition/resource-information",
            "valueString": "Observation"
          }
        ],
        "reference": {
          "reference": "Observation/leftventricle-systolicfunction"
        },
        "name": "Echocardiography - LV SYSTOLIC FUNCTION (Atomic)",
        "exampleCanonical": "http://ns.electronichealth.net.au/ci/fhir/StructureDefinition/observation-otherdiag-atomic-1"
      },
      {
        "extension": [
          {
            "url": "http://hl7.org/fhir/tools/StructureDefinition/resource-information",
            "valueString": "Observation"
          }
        ],
        "reference": {
          "reference": "Observation/lvvol"
        },
        "name": "Echocardiography - LV vol (Atomic)",
        "exampleCanonical": "http://ns.electronichealth.net.au/ci/fhir/StructureDefinition/observation-otherdiag-atomic-1"
      },
      {
        "extension": [
          {
            "url": "http://hl7.org/fhir/tools/StructureDefinition/resource-information",
            "valueString": "Observation"
          }
        ],
        "reference": {
          "reference": "Observation/lvvol-bsasex"
        },
        "name": "Echocardiography - LV vol (BSA/SEX) ULN (Atomic)",
        "exampleCanonical": "http://ns.electronichealth.net.au/ci/fhir/StructureDefinition/observation-otherdiag-atomic-1"
      },
      {
        "extension": [
          {
            "url": "http://hl7.org/fhir/tools/StructureDefinition/resource-information",
            "valueString": "Observation"
          }
        ],
        "reference": {
          "reference": "Observation/lv-ef"
        },
        "name": "Echocardiography - LV EF (Atomic)",
        "exampleCanonical": "http://ns.electronichealth.net.au/ci/fhir/StructureDefinition/observation-otherdiag-atomic-1"
      },
      {
        "extension": [
          {
            "url": "http://hl7.org/fhir/tools/StructureDefinition/resource-information",
            "valueString": "Observation"
          }
        ],
        "reference": {
          "reference": "Observation/leftventricle-dystolicfunction"
        },
        "name": "Echocardiography - LV DIASTOLIC FUNCTION (Atomic)",
        "exampleCanonical": "http://ns.electronichealth.net.au/ci/fhir/StructureDefinition/observation-otherdiag-atomic-1"
      },
      {
        "extension": [
          {
            "url": "http://hl7.org/fhir/tools/StructureDefinition/resource-information",
            "valueString": "Observation"
          }
        ],
        "reference": {
          "reference": "Observation/mvpeak"
        },
        "name": "Echocardiography - MV Peak (Atomic)",
        "exampleCanonical": "http://ns.electronichealth.net.au/ci/fhir/StructureDefinition/observation-otherdiag-atomic-1"
      },
      {
        "extension": [
          {
            "url": "http://hl7.org/fhir/tools/StructureDefinition/resource-information",
            "valueString": "Observation"
          }
        ],
        "reference": {
          "reference": "Observation/mvpeaka"
        },
        "name": "Echocardiography - MV Peak A (Atomic)",
        "exampleCanonical": "http://ns.electronichealth.net.au/ci/fhir/StructureDefinition/observation-otherdiag-atomic-1"
      },
      {
        "extension": [
          {
            "url": "http://hl7.org/fhir/tools/StructureDefinition/resource-information",
            "valueString": "Observation"
          }
        ],
        "reference": {
          "reference": "Observation/deceltime"
        },
        "name": "Echocardiography - Decel Time(Atomic)",
        "exampleCanonical": "http://ns.electronichealth.net.au/ci/fhir/StructureDefinition/observation-otherdiag-atomic-1"
      },
      {
        "extension": [
          {
            "url": "http://hl7.org/fhir/tools/StructureDefinition/resource-information",
            "valueString": "Observation"
          }
        ],
        "reference": {
          "reference": "Observation/mvadur"
        },
        "name": "Echocardiography - MV A dur (Atomic)",
        "exampleCanonical": "http://ns.electronichealth.net.au/ci/fhir/StructureDefinition/observation-otherdiag-atomic-1"
      },
      {
        "extension": [
          {
            "url": "http://hl7.org/fhir/tools/StructureDefinition/resource-information",
            "valueString": "Observation"
          }
        ],
        "reference": {
          "reference": "Observation/e-mvann"
        },
        "name": "Echocardiography - MV A dur (Atomic)",
        "exampleCanonical": "http://ns.electronichealth.net.au/ci/fhir/StructureDefinition/observation-otherdiag-atomic-1"
      },
      {
        "extension": [
          {
            "url": "http://hl7.org/fhir/tools/StructureDefinition/resource-information",
            "valueString": "Observation"
          }
        ],
        "reference": {
          "reference": "Observation/e-e-ratio"
        },
        "name": "Echocardiography - E' MV Ann (Atomic)",
        "exampleCanonical": "http://ns.electronichealth.net.au/ci/fhir/StructureDefinition/observation-otherdiag-atomic-1"
      },
      {
        "extension": [
          {
            "url": "http://hl7.org/fhir/tools/StructureDefinition/resource-information",
            "valueString": "Observation"
          }
        ],
        "reference": {
          "reference": "Observation/e-a-ratio"
        },
        "name": "Echocardiography - E/e' ratio (Atomic)",
        "exampleCanonical": "http://ns.electronichealth.net.au/ci/fhir/StructureDefinition/observation-otherdiag-atomic-1"
      },
      {
        "extension": [
          {
            "url": "http://hl7.org/fhir/tools/StructureDefinition/resource-information",
            "valueString": "Observation"
          }
        ],
        "reference": {
          "reference": "Observation/rupvavmax"
        },
        "name": "Echocardiography - RUPV A Vmax (Atomic)",
        "exampleCanonical": "http://ns.electronichealth.net.au/ci/fhir/StructureDefinition/observation-otherdiag-atomic-1"
      },
      {
        "extension": [
          {
            "url": "http://hl7.org/fhir/tools/StructureDefinition/resource-information",
            "valueString": "Observation"
          }
        ],
        "reference": {
          "reference": "Observation/rupvsvmax"
        },
        "name": "Echocardiography - RUPV S Vmax (Atomic)",
        "exampleCanonical": "http://ns.electronichealth.net.au/ci/fhir/StructureDefinition/observation-otherdiag-atomic-1"
      },
      {
        "extension": [
          {
            "url": "http://hl7.org/fhir/tools/StructureDefinition/resource-information",
            "valueString": "Observation"
          }
        ],
        "reference": {
          "reference": "Observation/rupvdvmax"
        },
        "name": "Echocardiography - RUPV D Vmax (Atomic)",
        "exampleCanonical": "http://ns.electronichealth.net.au/ci/fhir/StructureDefinition/observation-otherdiag-atomic-1"
      },
      {
        "extension": [
          {
            "url": "http://hl7.org/fhir/tools/StructureDefinition/resource-information",
            "valueString": "Observation"
          }
        ],
        "reference": {
          "reference": "Observation/mitralvalve"
        },
        "name": "Echocardiography - Mitral Valve (Atomic)",
        "exampleCanonical": "http://ns.electronichealth.net.au/ci/fhir/StructureDefinition/observation-otherdiag-atomic-1"
      },
      {
        "extension": [
          {
            "url": "http://hl7.org/fhir/tools/StructureDefinition/resource-information",
            "valueString": "Observation"
          }
        ],
        "reference": {
          "reference": "Observation/mv-p12-time"
        },
        "name": "Echocardiography - MV P1/2 Time (Atomic)",
        "exampleCanonical": "http://ns.electronichealth.net.au/ci/fhir/StructureDefinition/observation-otherdiag-atomic-1"
      },
      {
        "extension": [
          {
            "url": "http://hl7.org/fhir/tools/StructureDefinition/resource-information",
            "valueString": "Observation"
          }
        ],
        "reference": {
          "reference": "Observation/mvarea-pht"
        },
        "name": "Echocardiography - MV area (Atomic)",
        "exampleCanonical": "http://ns.electronichealth.net.au/ci/fhir/StructureDefinition/observation-otherdiag-atomic-1"
      },
      {
        "extension": [
          {
            "url": "http://hl7.org/fhir/tools/StructureDefinition/resource-information",
            "valueString": "Observation"
          }
        ],
        "reference": {
          "reference": "Observation/aorticvalve"
        },
        "name": "Echocardiography - Aortic Valve (Atomic)",
        "exampleCanonical": "http://ns.electronichealth.net.au/ci/fhir/StructureDefinition/observation-otherdiag-atomic-1"
      },
      {
        "extension": [
          {
            "url": "http://hl7.org/fhir/tools/StructureDefinition/resource-information",
            "valueString": "Observation"
          }
        ],
        "reference": {
          "reference": "Observation/aov-maxvel"
        },
        "name": "Echocardiography - AoV Max Vel(Atomic)",
        "exampleCanonical": "http://ns.electronichealth.net.au/ci/fhir/StructureDefinition/observation-otherdiag-atomic-1"
      },
      {
        "extension": [
          {
            "url": "http://hl7.org/fhir/tools/StructureDefinition/resource-information",
            "valueString": "Observation"
          }
        ],
        "reference": {
          "reference": "Observation/aov-peakpg"
        },
        "name": "Echocardiography - AoV Peak PG (Atomic)",
        "exampleCanonical": "http://ns.electronichealth.net.au/ci/fhir/StructureDefinition/observation-otherdiag-atomic-1"
      },
      {
        "extension": [
          {
            "url": "http://hl7.org/fhir/tools/StructureDefinition/resource-information",
            "valueString": "Observation"
          }
        ],
        "reference": {
          "reference": "Observation/aov-meanpg"
        },
        "name": "Echocardiography - AoV Mean PG (Atomic)",
        "exampleCanonical": "http://ns.electronichealth.net.au/ci/fhir/StructureDefinition/observation-otherdiag-atomic-1"
      },
      {
        "extension": [
          {
            "url": "http://hl7.org/fhir/tools/StructureDefinition/resource-information",
            "valueString": "Observation"
          }
        ],
        "reference": {
          "reference": "Observation/lvot-vmax"
        },
        "name": "Echocardiography - LVOT Vmax (Atomic)",
        "exampleCanonical": "http://ns.electronichealth.net.au/ci/fhir/StructureDefinition/observation-otherdiag-atomic-1"
      },
      {
        "extension": [
          {
            "url": "http://hl7.org/fhir/tools/StructureDefinition/resource-information",
            "valueString": "Observation"
          }
        ],
        "reference": {
          "reference": "Observation/lvot-vti"
        },
        "name": "Echocardiography - LVOT VTI (Atomic)",
        "exampleCanonical": "http://ns.electronichealth.net.au/ci/fhir/StructureDefinition/observation-otherdiag-atomic-1"
      },
      {
        "extension": [
          {
            "url": "http://hl7.org/fhir/tools/StructureDefinition/resource-information",
            "valueString": "Observation"
          }
        ],
        "reference": {
          "reference": "Observation/lvot-diam"
        },
        "name": "Echocardiography - LVOT Diam (Atomic)",
        "exampleCanonical": "http://ns.electronichealth.net.au/ci/fhir/StructureDefinition/observation-otherdiag-atomic-1"
      },
      {
        "extension": [
          {
            "url": "http://hl7.org/fhir/tools/StructureDefinition/resource-information",
            "valueString": "Observation"
          }
        ],
        "reference": {
          "reference": "Observation/aov-areavmax"
        },
        "name": "Echocardiography - AoV Area Vmax (Atomic)",
        "exampleCanonical": "http://ns.electronichealth.net.au/ci/fhir/StructureDefinition/observation-otherdiag-atomic-1"
      },
      {
        "extension": [
          {
            "url": "http://hl7.org/fhir/tools/StructureDefinition/resource-information",
            "valueString": "Observation"
          }
        ],
        "reference": {
          "reference": "Observation/aov-areavti"
        },
        "name": "Echocardiography - AoV Area VTI (Atomic)",
        "exampleCanonical": "http://ns.electronichealth.net.au/ci/fhir/StructureDefinition/observation-otherdiag-atomic-1"
      },
      {
        "extension": [
          {
            "url": "http://hl7.org/fhir/tools/StructureDefinition/resource-information",
            "valueString": "Observation"
          }
        ],
        "reference": {
          "reference": "Observation/dpi"
        },
        "name": "Echocardiography - DPI (Atomic)",
        "exampleCanonical": "http://ns.electronichealth.net.au/ci/fhir/StructureDefinition/observation-otherdiag-atomic-1"
      },
      {
        "extension": [
          {
            "url": "http://hl7.org/fhir/tools/StructureDefinition/resource-information",
            "valueString": "Observation"
          }
        ],
        "reference": {
          "reference": "Observation/tricupsid-parvpressure"
        },
        "name": "Echocardiography - Tricuspid Valve and PA/RV Systolic Pressure (Atomic)",
        "exampleCanonical": "http://ns.electronichealth.net.au/ci/fhir/StructureDefinition/observation-otherdiag-atomic-1"
      },
      {
        "extension": [
          {
            "url": "http://hl7.org/fhir/tools/StructureDefinition/resource-information",
            "valueString": "Observation"
          }
        ],
        "reference": {
          "reference": "Observation/trmaxvelocity"
        },
        "name": "Echocardiography - TR Max Velocity (Atomic)",
        "exampleCanonical": "http://ns.electronichealth.net.au/ci/fhir/StructureDefinition/observation-otherdiag-atomic-1"
      },
      {
        "extension": [
          {
            "url": "http://hl7.org/fhir/tools/StructureDefinition/resource-information",
            "valueString": "Observation"
          }
        ],
        "reference": {
          "reference": "Observation/rapressure"
        },
        "name": "Echocardiography - RA pressure (Atomic)",
        "exampleCanonical": "http://ns.electronichealth.net.au/ci/fhir/StructureDefinition/observation-otherdiag-atomic-1"
      },
      {
        "extension": [
          {
            "url": "http://hl7.org/fhir/tools/StructureDefinition/resource-information",
            "valueString": "Observation"
          }
        ],
        "reference": {
          "reference": "Observation/rvsp-pasp"
        },
        "name": "Echocardiography - RVSP/PASP (Atomic)",
        "exampleCanonical": "http://ns.electronichealth.net.au/ci/fhir/StructureDefinition/observation-otherdiag-atomic-1"
      },
      {
        "extension": [
          {
            "url": "http://hl7.org/fhir/tools/StructureDefinition/resource-information",
            "valueString": "Observation"
          }
        ],
        "reference": {
          "reference": "Observation/rv-s"
        },
        "name": "Echocardiography - RV S' (Atomic)",
        "exampleCanonical": "http://ns.electronichealth.net.au/ci/fhir/StructureDefinition/observation-otherdiag-atomic-1"
      },
      {
        "extension": [
          {
            "url": "http://hl7.org/fhir/tools/StructureDefinition/resource-information",
            "valueString": "Observation"
          }
        ],
        "reference": {
          "reference": "Observation/pulmonaryvalve"
        },
        "name": "Echocardiography - Pulmonary  Valve (Atomic)",
        "exampleCanonical": "http://ns.electronichealth.net.au/ci/fhir/StructureDefinition/observation-otherdiag-atomic-1"
      },
      {
        "extension": [
          {
            "url": "http://hl7.org/fhir/tools/StructureDefinition/resource-information",
            "valueString": "Observation"
          }
        ],
        "reference": {
          "reference": "Observation/pvmaxvelocity"
        },
        "name": "Echocardiography - Pulmonary  Valve (Atomic)",
        "exampleCanonical": "http://ns.electronichealth.net.au/ci/fhir/StructureDefinition/observation-otherdiag-atomic-1"
      },
      {
        "extension": [
          {
            "url": "http://hl7.org/fhir/tools/StructureDefinition/resource-information",
            "valueString": "Observation"
          }
        ],
        "reference": {
          "reference": "Observation/pvmaxpg"
        },
        "name": "Echocardiography - Pulmonary  Valve (Atomic)",
        "exampleCanonical": "http://ns.electronichealth.net.au/ci/fhir/StructureDefinition/observation-otherdiag-atomic-1"
      },
      {
        "extension": [
          {
            "url": "http://hl7.org/fhir/tools/StructureDefinition/resource-information",
            "valueString": "Patient"
          }
        ],
        "reference": {
          "reference": "Patient/995138d0-b8bc-4bd9-b49d-d2d025d39ae7"
        },
        "name": "Mr Wei Zhang (P2P)",
        "exampleCanonical": "http://ns.electronichealth.net.au/ci/fhir/StructureDefinition/patient-ident-1"
      },
      {
        "extension": [
          {
            "url": "http://hl7.org/fhir/tools/StructureDefinition/resource-information",
            "valueString": "PractitionerRole"
          }
        ],
        "reference": {
          "reference": "PractitionerRole/46d552b7-88a9-427b-9d62-8b0727de91f9"
        },
        "name": "Dr Fredrika Bremer (Cardiologist)",
        "exampleCanonical": "http://ns.electronichealth.net.au/ci/fhir/StructureDefinition/practitionerrole-ident-1"
      },
      {
        "extension": [
          {
            "url": "http://hl7.org/fhir/tools/StructureDefinition/resource-information",
            "valueString": "Practitioner"
          }
        ],
        "reference": {
          "reference": "Practitioner/d68312c9-b122-4fe5-8e3c-f550bd989f4b"
        },
        "name": "Dr Fredrika Bremer",
        "exampleCanonical": "http://ns.electronichealth.net.au/ci/fhir/StructureDefinition/practitioner-dh-base-1"
      },
      {
        "extension": [
          {
            "url": "http://hl7.org/fhir/tools/StructureDefinition/resource-information",
            "valueString": "PractitionerRole"
          }
        ],
        "reference": {
          "reference": "PractitionerRole/04ac8978-bc60-4492-aa07-f62568ebe5c6"
        },
        "name": "Ms Linda Howard (Sonographer)",
        "exampleCanonical": "http://ns.electronichealth.net.au/ci/fhir/StructureDefinition/practitionerrole-ident-1"
      },
      {
        "extension": [
          {
            "url": "http://hl7.org/fhir/tools/StructureDefinition/resource-information",
            "valueString": "Practitioner"
          }
        ],
        "reference": {
          "reference": "Practitioner/e6de10ad-8dba-4250-8399-311da99e8c30"
        },
        "name": "Ms Linda Howard",
        "exampleCanonical": "http://ns.electronichealth.net.au/ci/fhir/StructureDefinition/practitioner-dh-base-1"
      },
      {
        "extension": [
          {
            "url": "http://hl7.org/fhir/tools/StructureDefinition/resource-information",
            "valueString": "PractitionerRole"
          }
        ],
        "reference": {
          "reference": "PractitionerRole/cb084861-dd87-48ff-b645-5cb620a00e8e"
        },
        "name": "Dr David George (Oncologist)",
        "exampleCanonical": "http://ns.electronichealth.net.au/ci/fhir/StructureDefinition/practitionerrole-ident-1"
      },
      {
        "extension": [
          {
            "url": "http://hl7.org/fhir/tools/StructureDefinition/resource-information",
            "valueString": "Organization"
          }
        ],
        "reference": {
          "reference": "Organization/nsw-hospital"
        },
        "name": "NSW Hospital",
        "exampleCanonical": "http://ns.electronichealth.net.au/ci/fhir/StructureDefinition/organization-ident-1"
      },
      {
        "extension": [
          {
            "url": "http://hl7.org/fhir/tools/StructureDefinition/resource-information",
            "valueString": "Endpoint"
          }
        ],
        "reference": {
          "reference": "Endpoint/nsw-hospital-wadors"
        },
        "name": "NSW Hospital WADORS",
        "exampleBoolean": true
      },
      {
        "extension": [
          {
            "url": "http://hl7.org/fhir/tools/StructureDefinition/resource-information",
            "valueString": "Binary"
          }
        ],
        "reference": {
          "reference": "Binary/echocardio-pre-chemo-report-pdf"
        },
        "name": "Echocardiography pre-chemo report (PDF)",
        "exampleBoolean": true
      }
    ],
    "page": {
      "nameUrl": "index.html",
      "title": "TBD",
      "generation": "html"
    }
  }
}