{
  "resourceType": "Observation",
  "id": "plateletcount",
  "meta": {
    "profile": [
      "http://ns.electronichealth.net.au/ci/fhir/StructureDefinition/observation-path-atomic-1"
    ]
  },
  "text": {
    "status": "generated",
    "div": "<div xmlns=\"http://www.w3.org/1999/xhtml\"><p><b>Generated Narrative</b></p><p><b>status</b>: preliminary</p><p><b>category</b>: <span title=\"Codes: {http://terminology.hl7.org/CodeSystem/v2-0074 HM}\">Hematology</span>, <span title=\"Codes: {http://terminology.hl7.org/CodeSystem/observation-category laboratory}\">Laboratory</span></p><p><b>code</b>: <span title=\"Codes: {http://loinc.org 777-3}\">Platelet Count</span></p><p><b>subject</b>: <a href=\"Patient-p2p-anne-thompson.html\">Generated Summary: Medicare Number: 6951449601; Mrs. Anne Thompson(OFFICIAL); Phone: 0491 572 665; gender: female; birthDate: 1978-10-11</a></p><p><b>effective</b>: 13 Jul 2016, 10:30:10 am</p><p><b>issued</b>: 13 Jul 2016, 11:45:33 am</p><p><b>performer</b>: </p><ul><li><a href=\"PractitionerRole-f3e381b5-673e-4941-900c-03d1043604a6.html\">Generated Summary: HPI-I: 8003614900041243, Employee Number: RBRLSNSW765301; <span title=\"Codes: {http://snomed.info/sct 40204001}\">Haematologist</span></a></li><li><a href=\"Organization-d9b1a051-034c-4c11-a504-8d75d72bf4ec.html\">Generated Summary: NATA Accreditation Number: 100201, ABN: 41824753000; <span title=\"Codes: {http://www.abs.gov.au/ausstats/abs@.nsf/mf/1292.0 8520}\">Pathology Laboratory</span>; name: Randwick Laboratories Sydney; Phone: (02) 5550 8994</a></li></ul><p><b>value</b>: 190 10*9/L</p><h3>ReferenceRanges</h3><table class=\"grid\"><tr><td>-</td><td><b>Low</b></td><td><b>High</b></td></tr><tr><td>*</td><td>150 10*9/L</td><td>400 10*9/L</td></tr></table></div>"
  },
  "status": "preliminary",
  "category": [
    {
      "coding": [
        {
          "system": "http://terminology.hl7.org/CodeSystem/v2-0074",
          "code": "HM",
          "display": "Hematology"
        }
      ]
    },
    {
      "coding": [
        {
          "system": "http://terminology.hl7.org/CodeSystem/observation-category",
          "code": "laboratory"
        }
      ]
    }
  ],
  "code": {
    "coding": [
      {
        "system": "http://loinc.org",
        "code": "777-3",
        "display": "Platelets [#/volume] in Blood by Automated count"
      }
    ],
    "text": "Platelet Count"
  },
  "subject": {
    "reference": "Patient/p2p-anne-thompson"
  },
  "effectiveDateTime": "2016-07-13T10:30:10+10:00",
  "issued": "2016-07-13T11:45:33+10:00",
  "performer": [
    {
      "reference": "PractitionerRole/f3e381b5-673e-4941-900c-03d1043604a6"
    },
    {
      "reference": "Organization/d9b1a051-034c-4c11-a504-8d75d72bf4ec"
    }
  ],
  "valueQuantity": {
    "value": 190,
    "unit": "10*9/L",
    "system": "http://unitsofmeasure.org",
    "code": "10*9/L"
  },
  "referenceRange": [
    {
      "low": {
        "value": 150,
        "unit": "10*9/L",
        "system": "http://unitsofmeasure.org",
        "code": "10*9/L"
      },
      "high": {
        "value": 400,
        "unit": "10*9/L",
        "system": "http://unitsofmeasure.org",
        "code": "10*9/L"
      }
    }
  ]
}