{
  "resourceType": "Observation",
  "id": "mchc",
  "meta": {
    "profile": [
      "http://ns.electronichealth.net.au/ci/fhir/StructureDefinition/observation-path-atomic-1"
    ]
  },
  "text": {
    "status": "generated",
    "div": "<div xmlns=\"http://www.w3.org/1999/xhtml\"><p><b>Generated Narrative</b></p><p><b>id</b>: mchc</p><p><b>meta</b>: </p><p><b>status</b>: preliminary</p><p><b>category</b>: <span title=\"Codes: {http://terminology.hl7.org/CodeSystem/v2-0074 HM}\">Hematology</span>, <span title=\"Codes: {http://terminology.hl7.org/CodeSystem/observation-category laboratory}\">Laboratory</span></p><p><b>code</b>: <span title=\"Codes: {http://loinc.org 786-4}\">MCHC</span></p><p><b>subject</b>: <a href=\"Patient-p2p-anne-thompson.html\">Generated Summary: id: p2p-anne-thompson; Medicare Number = 6951449601; Mrs. Anne Thompson(OFFICIAL); ph: 0491 572 665(MOBILE); gender: female; birthDate: 1978-10-11</a></p><p><b>effective</b>: 13/07/2016 10:30:10 AM --&gt; 13/07/2016 10:30:10 AM</p><p><b>issued</b>: 13/07/2016 11:45:33 AM</p><p><b>performer</b>: </p><ul><li><a href=\"PractitionerRole-f3e381b5-673e-4941-900c-03d1043604a6.html\">Generated Summary: id: f3e381b5-673e-4941-900c-03d1043604a6; HPI-I = 8003614900041243, Employee Number = RBRLSNSW765301; <span title=\"Codes: {http://snomed.info/sct 40204001}\">Haematologist</span></a></li><li><a href=\"Organization-d9b1a051-034c-4c11-a504-8d75d72bf4ec.html\">Generated Summary: id: d9b1a051-034c-4c11-a504-8d75d72bf4ec; NATA Accreditation Number = 100201, ABN = 41824753000; <span title=\"Codes: {http://www.abs.gov.au/ausstats/abs@.nsf/mf/1292.0 8520}\">Pathology Laboratory</span>; name: Randwick Laboratories Sydney; ph: (02) 5550 8994(WORK)</a></li></ul><p><b>value</b>: 320 g/L</p><h3>ReferenceRanges</h3><table class=\"grid\"><tr><td>-</td><td><b>Low</b></td><td><b>High</b></td></tr><tr><td>*</td><td>310 g/L</td><td>360 g/L</td></tr></table></div>"
  },
  "status": "preliminary",
  "category": [
    {
      "coding": [
        {
          "system": "http://terminology.hl7.org/CodeSystem/v2-0074",
          "code": "HM",
          "display": "Hematology"
        }
      ]
    },
    {
      "coding": [
        {
          "system": "http://terminology.hl7.org/CodeSystem/observation-category",
          "code": "laboratory"
        }
      ]
    }
  ],
  "code": {
    "coding": [
      {
        "system": "http://loinc.org",
        "code": "786-4",
        "display": "MCHC [Mass/volume] by Automated count"
      }
    ],
    "text": "MCHC"
  },
  "subject": {
    "reference": "Patient/p2p-anne-thompson"
  },
  "effectivePeriod": {
    "start": "2016-07-13T10:30:10+10:00",
    "end": "2016-07-13T10:30:10+10:00"
  },
  "issued": "2016-07-13T11:45:33+10:00",
  "performer": [
    {
      "reference": "PractitionerRole/f3e381b5-673e-4941-900c-03d1043604a6"
    },
    {
      "reference": "Organization/d9b1a051-034c-4c11-a504-8d75d72bf4ec"
    }
  ],
  "valueQuantity": {
    "value": 320,
    "unit": "g/L",
    "system": "http://unitsofmeasure.org",
    "code": "g/L"
  },
  "referenceRange": [
    {
      "low": {
        "value": 310,
        "unit": "g/L",
        "system": "http://unitsofmeasure.org",
        "code": "g/L"
      },
      "high": {
        "value": 360,
        "unit": "g/L",
        "system": "http://unitsofmeasure.org",
        "code": "g/L"
      }
    }
  ]
}