{
  "resourceType": "Observation",
  "id": "deceltime",
  "meta": {
    "profile": [
      "http://ns.electronichealth.net.au/ci/fhir/StructureDefinition/observation-otherdiag-atomic-1"
    ]
  },
  "text": {
    "status": "generated",
    "div": "<div xmlns=\"http://www.w3.org/1999/xhtml\"><p><b>Generated Narrative</b></p><p><b>id</b>: deceltime</p><p><b>meta</b>: </p><p></p><p><b>category</b>: <span title=\"Codes: {http://terminology.hl7.org/CodeSystem/observation-category imaging}\">Imaging</span>, <span title=\"Codes: {http://terminology.hl7.org/CodeSystem/v2-0074 CUS}\">Cardiac Ultrasound</span></p><p><b>code</b>: <span title=\"Codes: {http://loinc.org 20217-6}\">Decel Time</span></p><p><b>subject</b>: <a href=\"Patient-995138d0-b8bc-4bd9-b49d-d2d025d39ae7.html\">Generated Summary: id: 995138d0-b8bc-4bd9-b49d-d2d025d39ae7; IHI = 8003608000228437, Medicare Number = 29533070311, Medical Record Number = 2338172; Wei Zhang ; gender: male; birthDate: 1969-05-03</a></p><p><b>effective</b>: 06/01/2019 9:45:00 AM</p><p><b>performer</b>: <a href=\"PractitionerRole-04ac8978-bc60-4492-aa07-f62568ebe5c6.html\">Generated Summary: id: 04ac8978-bc60-4492-aa07-f62568ebe5c6; HPI-I = 8003616566708106, Employee Number = NSW31u32-401; <span title=\"Codes: {http://snomed.info/sct 1012861000168100}\">Sonographer</span></a></p><p><b>value</b>: 240 msec</p><p><b>bodySite</b>: <span title=\"Codes: {http://snomed.info/sct 91134007}\">Mitral valve structure</span></p><p><b>method</b>: <span title=\"Codes: {http://snomed.info/sct 278292003}\">Ultrasound imaging</span></p></div>"
  },
  "status": "final",
  "category": [
    {
      "coding": [
        {
          "system": "http://terminology.hl7.org/CodeSystem/observation-category",
          "code": "imaging"
        }
      ]
    },
    {
      "coding": [
        {
          "system": "http://terminology.hl7.org/CodeSystem/v2-0074",
          "code": "CUS",
          "display": "Cardiac Ultrasound"
        }
      ]
    }
  ],
  "code": {
    "coding": [
      {
        "system": "http://loinc.org",
        "code": "20217-6",
        "display": "Circ sys Decel Time US"
      }
    ],
    "text": "Decel Time"
  },
  "subject": {
    "reference": "Patient/995138d0-b8bc-4bd9-b49d-d2d025d39ae7"
  },
  "effectiveDateTime": "2019-01-06T09:45:00+10:00",
  "performer": [
    {
      "reference": "PractitionerRole/04ac8978-bc60-4492-aa07-f62568ebe5c6"
    }
  ],
  "valueQuantity": {
    "value": 240,
    "unit": "msec",
    "system": "http://unitsofmeasure.org",
    "code": "ms"
  },
  "bodySite": {
    "coding": [
      {
        "system": "http://snomed.info/sct",
        "code": "91134007",
        "display": "Mitral valve structure"
      }
    ]
  },
  "method": {
    "coding": [
      {
        "system": "http://snomed.info/sct",
        "code": "278292003",
        "display": "Ultrasound imaging"
      }
    ]
  }
}