<?xml version="1.0" encoding="UTF-8"?><ImplementationGuide xmlns="http://hl7.org/fhir"><id value="implementationguide-eventsummary-1"/><text><status value="generated"/><div xmlns="http://www.w3.org/1999/xhtml"><h2>EventSummary</h2><p>The official URL for this implementation guide is: </p><pre>http://ns.electronichealth.net.au/ci/fhir/4.0/ImplementationGuide/implementationguide-eventsummary-1</pre><div><p>This implementation guide is an HL7&#xAE; FHIR&#xAE; specification to represent an Event Summary (ES).</p>
<p>The primary aim of this implementation guide is to support implementing ES in FHIR, Release 4 (v4.0.0). The resulting FHIR document can be used for the electronic exchange of ES information between healthcare providers.</p>
<p>This document is not to be used as a guide to presentation (or rendering) of the data. It contains no information as to how the data described by it should be displayed and no such guidance should be inferred from this document.</p>
<p>This document does not describe transport or persistence mechanism of the resources described by it.</p>
</div></div></text><url value="http://ns.electronichealth.net.au/ci/fhir/4.0/ImplementationGuide/implementationguide-eventsummary-1"/><version value="1.0.0"/><name value="EventSummary"/><title value="Event Summary"/><status value="draft"/><experimental value="true"/><publisher value="Australian Digital Health Agency"/><contact><telecom><system value="email"/><value value="help@digitalhealth.gov.au"/></telecom></contact><description value="This implementation guide is an HL7&#xAE; FHIR&#xAE; specification to represent an Event Summary (ES).&#xA; &#xA;The primary aim of this implementation guide is to support implementing ES in FHIR, Release 4 (v4.0.0). The resulting FHIR document can be used for the electronic exchange of ES information between healthcare providers.&#xA; &#xA;This document is not to be used as a guide to presentation (or rendering) of the data. It contains no information as to how the data described by it should be displayed and no such guidance should be inferred from this document.&#xA; &#xA;This document does not describe transport or persistence mechanism of the resources described by it."/><copyright value="Copyright &#xA9; 2019 Australian Digital Health Agency - All rights reserved. This content is licensed under a Creative Commons Attribution 4.0 International License. See https://creativecommons.org/licenses/by/4.0/."/><packageId value="ns.electronichealth.net.au.ci.fhir.4.0.eventsummary"/><license value="Apache-2.0"/><fhirVersion value="4.0.0"/><dependsOn id="aubaser4"><uri value="http://hl7.org.au/fhir/base"/><packageId value="hl7.fhir.au.base"/><version value="current"/></dependsOn><definition><resource><extension url="http://hl7.org/fhir/StructureDefinition/implementationguide-page"><valueUri value="StructureDefinition-organization-ident-1.html"/></extension><reference><reference value="StructureDefinition/organization-ident-1"/></reference><name value="Organization with Mandatory Identifier"/><exampleBoolean value="false"/></resource><resource><extension url="http://hl7.org/fhir/StructureDefinition/implementationguide-page"><valueUri value="StructureDefinition-organization-dh-base-1.html"/></extension><reference><reference value="StructureDefinition/organization-dh-base-1"/></reference><name value="Base Organization"/><exampleBoolean value="false"/></resource><page><nameUrl value="index.html"/><title value="TBD"/><generation value="html"/></page></definition></ImplementationGuide>