{
  "resourceType": "Practitioner",
  "id": "40a94071-8373-4d53-a788-63b79c75a3c1",
  "meta": {
    "profile": [
      "http://ns.electronichealth.net.au/ci/fhir/4.0/StructureDefinition/practitioner-dh-base-1"
    ]
  },
  "text": {
    "status": "generated",
    "div": "<div xmlns=\"http://www.w3.org/1999/xhtml\"><p><b>Generated Narrative with Details</b></p><p><b>id</b>: 40a94071-8373-4d53-a788-63b79c75a3c1</p><p><b>meta</b>: </p><p><b>name</b>: Barry Helpmannn </p><p><b>telecom</b>: bhelpmannn@example.devonportgp.com.au</p><p><b>address</b>: LPO Box 235 Strahan TAS 7468 AU </p></div>"
  },
  "name": [
    {
      "use": "usual",
      "family": "Helpmannn",
      "given": [
        "Barry"
      ],
      "suffix": [
        "M.D."
      ]
    }
  ],
  "telecom": [
    {
      "system": "email",
      "value": "bhelpmannn@example.devonportgp.com.au"
    }
  ],
  "address": [
    {
      "type": "postal",
      "line": [
        "LPO Box 235"
      ],
      "city": "Strahan",
      "state": "TAS",
      "postalCode": "7468",
      "country": "AU"
    }
  ]
}