<?xml version="1.0" encoding="UTF-8"?>

<ImplementationGuide xmlns="http://hl7.org/fhir">
  <id value="implementationguide-eventsummary-1"/>
  <text>
    <status value="generated"/><div xmlns="http://www.w3.org/1999/xhtml"><h2>EventSummary</h2><p>The official URL for this implementation guide is: </p><pre>http://ns.electronichealth.net.au/ci/fhir/4.0/ImplementationGuide/implementationguide-eventsummary-1</pre><div><p>This implementation guide is an HL7™ FHIR® specification to represent an Event Summary (ES).</p>
<p>The primary aim of this implementation guide is to support implementing ES in FHIR, Release 4 (v4.0.0). The resulting FHIR can be used for the electronic exchange of ES information between healthcare providers.</p>
<p>This implementation guide is not to be used as a guide to presentation (or rendering) of the data. It contains no information as to how the data described by it should be displayed and no such guidance should be inferred.</p>
<p>This implementation guide does not describe transport or persistence mechanism of the resources described by it.</p>
</div></div>
  </text>
  <url value="http://ns.electronichealth.net.au/ci/fhir/4.0/ImplementationGuide/implementationguide-eventsummary-1"/>
  <version value="1.0.0"/>
  <name value="EventSummary"/>
  <title value="Event Summary"/>
  <status value="draft"/>
  <experimental value="true"/>
  <date value="2020-06-03T09:29:59+10:00"/>
  <publisher value="Australian Digital Health Agency"/>
  <contact>
    <telecom>
      <system value="email"/>
      <value value="help@digitalhealth.gov.au"/>
    </telecom>
  </contact>
  <description value="This implementation guide is an HL7&#x2122; FHIR&#xAE; specification to represent an Event Summary (ES).&#xA; &#xA;The primary aim of this implementation guide is to support implementing ES in FHIR, Release 4 (v4.0.0). The resulting FHIR can be used for the electronic exchange of ES information between healthcare providers.&#xA; &#xA;This implementation guide is not to be used as a guide to presentation (or rendering) of the data. It contains no information as to how the data described by it should be displayed and no such guidance should be inferred.&#xA; &#xA;This implementation guide does not describe transport or persistence mechanism of the resources described by it."/>
  <copyright value="Copyright &#xA9; 2019 Australian Digital Health Agency - All rights reserved. This content is licensed under a Creative Commons Attribution 4.0 International License. See https://creativecommons.org/licenses/by/4.0/."/>
  <packageId value="au.electronichealth.eventsummary"/>
  <license value="Apache-2.0"/>
  <fhirVersion value="4.0.1"/>
  <dependsOn id="aubaser4">
    <uri value="http://hl7.org.au/fhir/base"/>
    <packageId value="hl7.fhir.au.base"/>
    <version value="current"/>
  </dependsOn>
  <definition>
    <resource>
      <extension url="http://hl7.org/fhir/tools/StructureDefinition/resource-information">
        <valueString value="StructureDefinition:resource"/>
      </extension>
      <extension url="http://hl7.org/fhir/StructureDefinition/implementationguide-page">
        <valueUri value="StructureDefinition-patient-ident-1.html"/>
      </extension>
      <reference>
        <reference value="StructureDefinition/patient-ident-1"/>
      </reference>
      <name value="Patient with Mandatory Identifier"/>
      <exampleBoolean value="false"/>
    </resource>
    <resource>
      <extension url="http://hl7.org/fhir/tools/StructureDefinition/resource-information">
        <valueString value="StructureDefinition:resource"/>
      </extension>
      <extension url="http://hl7.org/fhir/StructureDefinition/implementationguide-page">
        <valueUri value="StructureDefinition-organization-ident-1.html"/>
      </extension>
      <reference>
        <reference value="StructureDefinition/organization-ident-1"/>
      </reference>
      <name value="Organization with Mandatory Identifier"/>
      <exampleBoolean value="false"/>
    </resource>
    <resource>
      <extension url="http://hl7.org/fhir/tools/StructureDefinition/resource-information">
        <valueString value="StructureDefinition:resource"/>
      </extension>
      <extension url="http://hl7.org/fhir/StructureDefinition/implementationguide-page">
        <valueUri value="StructureDefinition-organization-dh-base-1.html"/>
      </extension>
      <reference>
        <reference value="StructureDefinition/organization-dh-base-1"/>
      </reference>
      <name value="Base Organization"/>
      <exampleBoolean value="false"/>
    </resource>
    <resource>
      <extension url="http://hl7.org/fhir/tools/StructureDefinition/resource-information">
        <valueString value="StructureDefinition:resource"/>
      </extension>
      <extension url="http://hl7.org/fhir/StructureDefinition/implementationguide-page">
        <valueUri value="StructureDefinition-practitioner-dh-base-1.html"/>
      </extension>
      <reference>
        <reference value="StructureDefinition/practitioner-dh-base-1"/>
      </reference>
      <name value="Base Practitioner"/>
      <exampleBoolean value="false"/>
    </resource>
    <resource>
      <extension url="http://hl7.org/fhir/tools/StructureDefinition/resource-information">
        <valueString value="StructureDefinition:resource"/>
      </extension>
      <extension url="http://hl7.org/fhir/StructureDefinition/implementationguide-page">
        <valueUri value="StructureDefinition-practitionerrole-ident-1.html"/>
      </extension>
      <reference>
        <reference value="StructureDefinition/practitionerrole-ident-1"/>
      </reference>
      <name value="PractitionerRole with Mandatory Identifier"/>
      <exampleBoolean value="false"/>
    </resource>
    <resource>
      <extension url="http://hl7.org/fhir/tools/StructureDefinition/resource-information">
        <valueString value="StructureDefinition:resource"/>
      </extension>
      <extension url="http://hl7.org/fhir/StructureDefinition/implementationguide-page">
        <valueUri value="StructureDefinition-patient-mhr-1.html"/>
      </extension>
      <reference>
        <reference value="StructureDefinition/patient-mhr-1"/>
      </reference>
      <name value="patient-mhr-1"/>
      <exampleBoolean value="false"/>
    </resource>
    <resource>
      <extension url="http://hl7.org/fhir/tools/StructureDefinition/resource-information">
        <valueString value="Organization"/>
      </extension>
      <extension url="http://hl7.org/fhir/StructureDefinition/implementationguide-page">
        <valueUri value="Organization-8338f6a2-e710-4a43-8318-f02514c3c709.html"/>
      </extension>
      <reference>
        <reference value="Organization/8338f6a2-e710-4a43-8318-f02514c3c709"/>
      </reference>
      <name value="Organization example 1"/>
      <exampleBoolean value="true"/>
    </resource>
    <resource>
      <extension url="http://hl7.org/fhir/tools/StructureDefinition/resource-information">
        <valueString value="Organization"/>
      </extension>
      <extension url="http://hl7.org/fhir/StructureDefinition/implementationguide-page">
        <valueUri value="Organization-1.2.36.1.2001.1001.105.100000.html"/>
      </extension>
      <reference>
        <reference value="Organization/1.2.36.1.2001.1001.105.100000"/>
      </reference>
      <name value="Organization example 2"/>
      <exampleBoolean value="true"/>
    </resource>
    <resource>
      <extension url="http://hl7.org/fhir/tools/StructureDefinition/resource-information">
        <valueString value="Organization"/>
      </extension>
      <extension url="http://hl7.org/fhir/StructureDefinition/implementationguide-page">
        <valueUri value="Organization-territory-medical-centre-0810.html"/>
      </extension>
      <reference>
        <reference value="Organization/territory-medical-centre-0810"/>
      </reference>
      <name value="Organization example 3"/>
      <exampleBoolean value="true"/>
    </resource>
    <resource>
      <extension url="http://hl7.org/fhir/tools/StructureDefinition/resource-information">
        <valueString value="Organization"/>
      </extension>
      <extension url="http://hl7.org/fhir/StructureDefinition/implementationguide-page">
        <valueUri value="Organization-1.2.36.1.2001.1001.105.100001.5437512835128.html"/>
      </extension>
      <reference>
        <reference value="Organization/1.2.36.1.2001.1001.105.100001.5437512835128"/>
      </reference>
      <name value="Organization example 1"/>
      <exampleBoolean value="true"/>
    </resource>
    <resource>
      <extension url="http://hl7.org/fhir/tools/StructureDefinition/resource-information">
        <valueString value="Organization"/>
      </extension>
      <extension url="http://hl7.org/fhir/StructureDefinition/implementationguide-page">
        <valueUri value="Organization-021fff67-c5ec-438f-9520-ce9bafee1306.html"/>
      </extension>
      <reference>
        <reference value="Organization/021fff67-c5ec-438f-9520-ce9bafee1306"/>
      </reference>
      <name value="Organization example 2"/>
      <exampleBoolean value="true"/>
    </resource>
    <resource>
      <extension url="http://hl7.org/fhir/tools/StructureDefinition/resource-information">
        <valueString value="Organization"/>
      </extension>
      <extension url="http://hl7.org/fhir/StructureDefinition/implementationguide-page">
        <valueUri value="Organization-hallam-medical-clinic.html"/>
      </extension>
      <reference>
        <reference value="Organization/hallam-medical-clinic"/>
      </reference>
      <name value="Organization example 3"/>
      <exampleBoolean value="true"/>
    </resource>
    <resource>
      <extension url="http://hl7.org/fhir/tools/StructureDefinition/resource-information">
        <valueString value="Practitioner"/>
      </extension>
      <extension url="http://hl7.org/fhir/StructureDefinition/implementationguide-page">
        <valueUri value="Practitioner-dorian-minderbinder.html"/>
      </extension>
      <reference>
        <reference value="Practitioner/dorian-minderbinder"/>
      </reference>
      <name value="Base Practitioner example 1"/>
      <exampleBoolean value="true"/>
    </resource>
    <resource>
      <extension url="http://hl7.org/fhir/tools/StructureDefinition/resource-information">
        <valueString value="Practitioner"/>
      </extension>
      <extension url="http://hl7.org/fhir/StructureDefinition/implementationguide-page">
        <valueUri value="Practitioner-jane-eyrewright.html"/>
      </extension>
      <reference>
        <reference value="Practitioner/jane-eyrewright"/>
      </reference>
      <name value="Base Practitioner example 2"/>
      <exampleBoolean value="true"/>
    </resource>
    <resource>
      <extension url="http://hl7.org/fhir/tools/StructureDefinition/resource-information">
        <valueString value="Practitioner"/>
      </extension>
      <extension url="http://hl7.org/fhir/StructureDefinition/implementationguide-page">
        <valueUri value="Practitioner-40a94071-8373-4d53-a788-63b79c75a3c1.html"/>
      </extension>
      <reference>
        <reference value="Practitioner/40a94071-8373-4d53-a788-63b79c75a3c1"/>
      </reference>
      <name value="Base Practitioner example 3"/>
      <exampleBoolean value="true"/>
    </resource>
    <resource>
      <extension url="http://hl7.org/fhir/tools/StructureDefinition/resource-information">
        <valueString value="Practitioner"/>
      </extension>
      <extension url="http://hl7.org/fhir/StructureDefinition/implementationguide-page">
        <valueUri value="Practitioner-54a065dc-8666-11e9-bc42-526af7764f64.html"/>
      </extension>
      <reference>
        <reference value="Practitioner/54a065dc-8666-11e9-bc42-526af7764f64"/>
      </reference>
      <name value="Base Practitioner example 4"/>
      <exampleBoolean value="true"/>
    </resource>
    <resource>
      <extension url="http://hl7.org/fhir/tools/StructureDefinition/resource-information">
        <valueString value="Practitioner"/>
      </extension>
      <extension url="http://hl7.org/fhir/StructureDefinition/implementationguide-page">
        <valueUri value="Practitioner-1.2.36.1.2001.1001.105.100001.1001.275.html"/>
      </extension>
      <reference>
        <reference value="Practitioner/1.2.36.1.2001.1001.105.100001.1001.275"/>
      </reference>
      <name value="Base Practitioner example 5"/>
      <exampleBoolean value="true"/>
    </resource>
    <resource>
      <extension url="http://hl7.org/fhir/tools/StructureDefinition/resource-information">
        <valueString value="Practitioner"/>
      </extension>
      <extension url="http://hl7.org/fhir/StructureDefinition/implementationguide-page">
        <valueUri value="Practitioner-1.2.36.1.2001.1001.105.100002.1.671.html"/>
      </extension>
      <reference>
        <reference value="Practitioner/1.2.36.1.2001.1001.105.100002.1.671"/>
      </reference>
      <name value="Base Practitioner example 6"/>
      <exampleBoolean value="true"/>
    </resource>
    <page>
      <nameUrl value="index.html"/>
      <title value="TBD"/>
      <generation value="html"/>
    </page>
  </definition>
</ImplementationGuide>