<?xml version="1.0" encoding="UTF-8"?><ImplementationGuide xmlns="http://hl7.org/fhir"><id value="implementationguide-diagnosticreport-1"/><text><status value="generated"/><div xmlns="http://www.w3.org/1999/xhtml"><h2>DiagnosticReport</h2><p>The official URL for this implementation guide is: </p><pre>http://ns.electronichealth.net.au/ci/fhir/4.0/ImplementationGuide/implementationguide-diagnosticreport-1</pre><div><p>This implementation guide is an HL7&#x2122; FHIR&#xAE; specification to represent a Diagnostic Report (DR).</p>
<p>The primary aim of this implementation guide is to support implementing DR in FHIR, Release 4 (v4.0.1). The resulting FHIR can be used for the electronic exchange of DR information between healthcare providers.</p>
<p>This implementation guide is not to be used as a guide to presentation (or rendering) of the data. It contains no information as to how the data described by it should be displayed and no such guidance should be inferred.</p>
<p>This implementation guide does not describe transport or persistence mechanism of the resources described by it.</p>
</div></div></text><url value="http://ns.electronichealth.net.au/ci/fhir/4.0/ImplementationGuide/implementationguide-diagnosticreport-1"/><version value="1.0.0"/><name value="DiagnosticReport"/><title value="Diagnostic Report"/><status value="draft"/><experimental value="true"/><date value="2020-04-08T17:42:26+10:00"/><publisher value="Australian Digital Health Agency"/><contact><telecom><system value="email"/><value value="help@digitalhealth.gov.au"/></telecom></contact><description value="This implementation guide is an HL7&#x2122; FHIR&#xAE; specification to represent a Diagnostic Report (DR).&#xA; &#xA;The primary aim of this implementation guide is to support implementing DR in FHIR, Release 4 (v4.0.1). The resulting FHIR can be used for the electronic exchange of DR information between healthcare providers.&#xA; &#xA;This implementation guide is not to be used as a guide to presentation (or rendering) of the data. It contains no information as to how the data described by it should be displayed and no such guidance should be inferred.&#xA; &#xA;This implementation guide does not describe transport or persistence mechanism of the resources described by it."/><copyright value="Copyright &#xA9; 2020 Australian Digital Health Agency - All rights reserved. This content is licensed under a Creative Commons Attribution 4.0 International License. See https://creativecommons.org/licenses/by/4.0/."/><packageId value="au.electronichealth.diagnosticreport"/><license value="Apache-2.0"/><fhirVersion value="4.0.1"/><dependsOn id="aubaser4"><uri value="http://hl7.org.au/fhir/base"/><packageId value="hl7.fhir.au.base"/><version value="current"/></dependsOn><definition><resource><extension url="http://hl7.org/fhir/StructureDefinition/implementationguide-page"><valueUri value="StructureDefinition-organization-ident-1.html"/></extension><reference><reference value="StructureDefinition/organization-ident-1"/></reference><name value="Organization with Mandatory Identifier"/><exampleBoolean value="false"/></resource><resource><extension url="http://hl7.org/fhir/StructureDefinition/implementationguide-page"><valueUri value="StructureDefinition-practitionerrole-ident-1.html"/></extension><reference><reference value="StructureDefinition/practitionerrole-ident-1"/></reference><name value="PractitionerRole with Mandatory Identifier"/><exampleBoolean value="false"/></resource><resource><extension url="http://hl7.org/fhir/StructureDefinition/implementationguide-page"><valueUri value="StructureDefinition-patient-mhr-1.html"/></extension><reference><reference value="StructureDefinition/patient-mhr-1"/></reference><name value="patient-mhr-1"/><exampleBoolean value="false"/></resource><resource><extension url="http://hl7.org/fhir/StructureDefinition/implementationguide-page"><valueUri value="StructureDefinition-organization-dh-base-1.html"/></extension><reference><reference value="StructureDefinition/organization-dh-base-1"/></reference><name value="Base Organization"/><exampleBoolean value="false"/></resource><resource><extension url="http://hl7.org/fhir/StructureDefinition/implementationguide-page"><valueUri value="Organization-1.2.36.1.2001.1001.105.100001.5437512835128.html"/></extension><reference><reference value="Organization/1.2.36.1.2001.1001.105.100001.5437512835128"/></reference><name value="Organization example 1"/><exampleBoolean value="true"/></resource><resource><extension url="http://hl7.org/fhir/StructureDefinition/implementationguide-page"><valueUri value="Organization-021fff67-c5ec-438f-9520-ce9bafee1306.html"/></extension><reference><reference value="Organization/021fff67-c5ec-438f-9520-ce9bafee1306"/></reference><name value="Organization example 2"/><exampleBoolean value="true"/></resource><resource><extension url="http://hl7.org/fhir/StructureDefinition/implementationguide-page"><valueUri value="Organization-hallam-medical-clinic.html"/></extension><reference><reference value="Organization/hallam-medical-clinic"/></reference><name value="Organization example 3"/><exampleBoolean value="true"/></resource><page><nameUrl value="index.html"/><title value="TBD"/><generation value="html"/></page></definition></ImplementationGuide>