{
  "resourceType": "Practitioner",
  "id": "1.2.36.1.2001.1001.105.100002.1.671",
  "meta": {
    "profile": [
      "http://ns.electronichealth.net.au/ci/fhir/4.0/StructureDefinition/practitioner-dh-base-1"
    ]
  },
  "text": {
    "status": "generated",
    "div": "<div xmlns=\"http://www.w3.org/1999/xhtml\"><p><b>Generated Narrative with Details</b></p><p><b>id</b>: 1.2.36.1.2001.1001.105.100002.1.671</p><p><b>meta</b>: </p><p><b>name</b>: Atticus Sherlokker</p><p><b>gender</b>: male</p><h3>Qualifications</h3><table class=\"grid\"><tr><td>-</td><td><b>Code</b></td></tr><tr><td>*</td><td>Social Worker <span style=\"background: LightGoldenRodYellow\">(Details : {http://www.abs.gov.au/ausstats/abs@.nsf/mf/1220.0 code '272511' = '272511', given as 'Social Worker'})</span></td></tr></table><p><b>communication</b>: French <span style=\"background: LightGoldenRodYellow\">(Details : {urn:ietf:bcp:47 code 'fr' = 'French', given as 'French'})</span></p></div>"
  },
  "name": [
    {
      "text": "Atticus Sherlokker"
    }
  ],
  "gender": "male",
  "qualification": [
    {
      "code": {
        "coding": [
          {
            "system": "http://www.abs.gov.au/ausstats/abs@.nsf/mf/1220.0",
            "code": "272511",
            "display": "Social Worker"
          }
        ],
        "text": "Social Worker"
      }
    }
  ],
  "communication": [
    {
      "coding": [
        {
          "system": "urn:ietf:bcp:47",
          "code": "fr",
          "display": "French"
        }
      ]
    }
  ]
}