{"resourceType":"ImplementationGuide","id":"implementationguide-eventsummary-1","text":{"status":"generated","div":"<div xmlns=\"http://www.w3.org/1999/xhtml\"><h2>EventSummary</h2><p>The official URL for this implementation guide is: </p><pre>http://ns.electronichealth.net.au/ci/fhir/4.0/ImplementationGuide/implementationguide-eventsummary-1</pre><div><p>This implementation guide is an HL7® FHIR® specification to represent an Event Summary (ES).</p>\n<p>The primary aim of this implementation guide is to support implementing ES in FHIR, Release 4 (v4.0.0). The resulting FHIR document can be used for the electronic exchange of ES information between healthcare providers.</p>\n<p>This document is not to be used as a guide to presentation (or rendering) of the data. It contains no information as to how the data described by it should be displayed and no such guidance should be inferred from this document.</p>\n<p>This document does not describe transport or persistence mechanism of the resources described by it.</p>\n</div></div>"},"url":"http://ns.electronichealth.net.au/ci/fhir/4.0/ImplementationGuide/implementationguide-eventsummary-1","version":"1.0.0","name":"EventSummary","title":"Event Summary","status":"draft","experimental":true,"publisher":"Australian Digital Health Agency","contact":[{"telecom":[{"system":"email","value":"help@digitalhealth.gov.au"}]}],"description":"This implementation guide is an HL7® FHIR® specification to represent an Event Summary (ES).\n \nThe primary aim of this implementation guide is to support implementing ES in FHIR, Release 4 (v4.0.0). The resulting FHIR document can be used for the electronic exchange of ES information between healthcare providers.\n \nThis document is not to be used as a guide to presentation (or rendering) of the data. It contains no information as to how the data described by it should be displayed and no such guidance should be inferred from this document.\n \nThis document does not describe transport or persistence mechanism of the resources described by it.","copyright":"Copyright © 2019 Australian Digital Health Agency - All rights reserved. This content is licensed under a Creative Commons Attribution 4.0 International License. See https://creativecommons.org/licenses/by/4.0/.","packageId":"ns.electronichealth.net.au.ci.fhir.4.0.eventsummary","license":"Apache-2.0","fhirVersion":["4.0.0"],"dependsOn":[{"id":"aubaser4","uri":"http://hl7.org.au/fhir/base","packageId":"hl7.fhir.au.base","version":"current"}],"definition":{"resource":[{"extension":[{"url":"http://hl7.org/fhir/StructureDefinition/implementationguide-page","valueUri":"StructureDefinition-organization-dh-base-1.html"}],"reference":{"reference":"StructureDefinition/organization-dh-base-1"},"name":"Base Organization","exampleBoolean":false}],"page":{"nameUrl":"index.html","title":"TBD","generation":"html"}}}