{"resourceType":"ImplementationGuide","id":"implementationguide-eventsummary-1","text":{"status":"extensions","div":"<div xmlns=\"http://www.w3.org/1999/xhtml\"><h2>EventSummary</h2><p>The official URL for this implementation guide is: </p><pre>http://ns.electronichealth.net.au/ci/fhir/4.0/ImplementationGuide/implementationguide-eventsummary-1</pre><div><p>This implementation guide is an HL7™ FHIR® specification to represent an Event Summary (ES).</p>\n<p>The primary aim of this implementation guide is to support implementing ES in FHIR, Release 4 (v4.0.0). The resulting FHIR can be used for the electronic exchange of ES information between healthcare providers.</p>\n<p>This implementation guide is not to be used as a guide to presentation (or rendering) of the data. It contains no information as to how the data described by it should be displayed and no such guidance should be inferred.</p>\n<p>This implementation guide does not describe transport or persistence mechanism of the resources described by it.</p>\n</div></div>"},"url":"http://ns.electronichealth.net.au/ci/fhir/4.0/ImplementationGuide/implementationguide-eventsummary-1","version":"1.0.0","name":"EventSummary","title":"Event Summary","status":"draft","experimental":true,"date":"2020-06-29T14:42:01+10:00","publisher":"Australian Digital Health Agency","contact":[{"telecom":[{"system":"email","value":"help@digitalhealth.gov.au"}]}],"description":"This implementation guide is an HL7™ FHIR® specification to represent an Event Summary (ES).\n \nThe primary aim of this implementation guide is to support implementing ES in FHIR, Release 4 (v4.0.0). The resulting FHIR can be used for the electronic exchange of ES information between healthcare providers.\n \nThis implementation guide is not to be used as a guide to presentation (or rendering) of the data. It contains no information as to how the data described by it should be displayed and no such guidance should be inferred.\n \nThis implementation guide does not describe transport or persistence mechanism of the resources described by it.","copyright":"Copyright © 2019 Australian Digital Health Agency - All rights reserved. This content is licensed under a Creative Commons Attribution 4.0 International License. See https://creativecommons.org/licenses/by/4.0/.","packageId":"au.electronichealth.eventsummary","license":"Apache-2.0","fhirVersion":["4.0.1"],"dependsOn":[{"id":"aubaser4","uri":"http://hl7.org.au/fhir/base","packageId":"hl7.fhir.au.base","version":"current"}],"definition":{"resource":[{"extension":[{"url":"http://hl7.org/fhir/StructureDefinition/implementationguide-page","valueUri":"StructureDefinition-patient-ident-1.html"}],"reference":{"reference":"StructureDefinition/patient-ident-1"},"name":"Patient with Mandatory Identifier","exampleBoolean":false},{"extension":[{"url":"http://hl7.org/fhir/StructureDefinition/implementationguide-page","valueUri":"StructureDefinition-organization-ident-1.html"}],"reference":{"reference":"StructureDefinition/organization-ident-1"},"name":"Organization with Mandatory Identifier","exampleBoolean":false},{"extension":[{"url":"http://hl7.org/fhir/StructureDefinition/implementationguide-page","valueUri":"StructureDefinition-organization-dh-base-1.html"}],"reference":{"reference":"StructureDefinition/organization-dh-base-1"},"name":"Base Organization","exampleBoolean":false},{"extension":[{"url":"http://hl7.org/fhir/StructureDefinition/implementationguide-page","valueUri":"StructureDefinition-practitioner-dh-base-1.html"}],"reference":{"reference":"StructureDefinition/practitioner-dh-base-1"},"name":"Base Practitioner","exampleBoolean":false},{"extension":[{"url":"http://hl7.org/fhir/StructureDefinition/implementationguide-page","valueUri":"StructureDefinition-practitionerrole-ident-1.html"}],"reference":{"reference":"StructureDefinition/practitionerrole-ident-1"},"name":"PractitionerRole with Mandatory Identifier","exampleBoolean":false},{"extension":[{"url":"http://hl7.org/fhir/StructureDefinition/implementationguide-page","valueUri":"StructureDefinition-patient-mhr-1.html"}],"reference":{"reference":"StructureDefinition/patient-mhr-1"},"name":"patient-mhr-1","exampleBoolean":false},{"extension":[{"url":"http://hl7.org/fhir/StructureDefinition/implementationguide-page","valueUri":"Organization-8338f6a2-e710-4a43-8318-f02514c3c709.html"}],"reference":{"reference":"Organization/8338f6a2-e710-4a43-8318-f02514c3c709"},"name":"Organization example 1","exampleBoolean":true},{"extension":[{"url":"http://hl7.org/fhir/StructureDefinition/implementationguide-page","valueUri":"Organization-1.2.36.1.2001.1001.105.100000.html"}],"reference":{"reference":"Organization/1.2.36.1.2001.1001.105.100000"},"name":"Organization example 2","exampleBoolean":true},{"extension":[{"url":"http://hl7.org/fhir/StructureDefinition/implementationguide-page","valueUri":"Organization-territory-medical-centre-0810.html"}],"reference":{"reference":"Organization/territory-medical-centre-0810"},"name":"Organization example 3","exampleBoolean":true},{"extension":[{"url":"http://hl7.org/fhir/StructureDefinition/implementationguide-page","valueUri":"Organization-1.2.36.1.2001.1001.105.100001.5437512835128.html"}],"reference":{"reference":"Organization/1.2.36.1.2001.1001.105.100001.5437512835128"},"name":"Organization example 1","exampleBoolean":true},{"extension":[{"url":"http://hl7.org/fhir/StructureDefinition/implementationguide-page","valueUri":"Organization-021fff67-c5ec-438f-9520-ce9bafee1306.html"}],"reference":{"reference":"Organization/021fff67-c5ec-438f-9520-ce9bafee1306"},"name":"Organization example 2","exampleBoolean":true},{"extension":[{"url":"http://hl7.org/fhir/StructureDefinition/implementationguide-page","valueUri":"Organization-hallam-medical-clinic.html"}],"reference":{"reference":"Organization/hallam-medical-clinic"},"name":"Organization example 3","exampleBoolean":true},{"extension":[{"url":"http://hl7.org/fhir/StructureDefinition/implementationguide-page","valueUri":"Practitioner-dorian-minderbinder.html"}],"reference":{"reference":"Practitioner/dorian-minderbinder"},"name":"Base Practitioner example 1","exampleBoolean":true},{"extension":[{"url":"http://hl7.org/fhir/StructureDefinition/implementationguide-page","valueUri":"Practitioner-jane-eyrewright.html"}],"reference":{"reference":"Practitioner/jane-eyrewright"},"name":"Base Practitioner example 2","exampleBoolean":true},{"extension":[{"url":"http://hl7.org/fhir/StructureDefinition/implementationguide-page","valueUri":"Practitioner-40a94071-8373-4d53-a788-63b79c75a3c1.html"}],"reference":{"reference":"Practitioner/40a94071-8373-4d53-a788-63b79c75a3c1"},"name":"Base Practitioner example 3","exampleBoolean":true},{"extension":[{"url":"http://hl7.org/fhir/StructureDefinition/implementationguide-page","valueUri":"Practitioner-54a065dc-8666-11e9-bc42-526af7764f64.html"}],"reference":{"reference":"Practitioner/54a065dc-8666-11e9-bc42-526af7764f64"},"name":"Base Practitioner example 4","exampleBoolean":true},{"extension":[{"url":"http://hl7.org/fhir/StructureDefinition/implementationguide-page","valueUri":"Practitioner-1.2.36.1.2001.1001.105.100001.1001.275.html"}],"reference":{"reference":"Practitioner/1.2.36.1.2001.1001.105.100001.1001.275"},"name":"Base Practitioner example 5","exampleBoolean":true},{"extension":[{"url":"http://hl7.org/fhir/StructureDefinition/implementationguide-page","valueUri":"Practitioner-1.2.36.1.2001.1001.105.100002.1.671.html"}],"reference":{"reference":"Practitioner/1.2.36.1.2001.1001.105.100002.1.671"},"name":"Base Practitioner example 6","exampleBoolean":true}],"page":{"nameUrl":"index.html","title":"TBD","generation":"html"}}}